case_id,dtype,layout,m,n,k,groups,group_lengths,variable_capacity,allow_empty_groups,backend,blas_streams,warmup,samples,correctness_repeats
uniform_fp16_nt_g4,fp16,NT,256,256,256,4,,,0,both,1,2,5,1
ragged_bf16_nn_compact,bf16,NN,129,256,256,,65;0;127;129,321,1,both,4,2,5,1
ragged_bf16_tn_padded,bf16,TN,256,256,129,,65;0;127;129,512,1,both,4,2,5,1
matrix_0001_fp16_tn_g16_m4096_n7168_k2120_c32757,fp16,TN,4096,7168,2120,16,2102;2120;2108;2092;2079;2047;1966;2048;2015;2006;2017;2014;2050;2079;2008;2006,32757,1,both,4,10,30,3
matrix_0002_fp16_tn_g16_m4096_n7168_k2120_c65536,fp16,TN,4096,7168,2120,16,2102;2120;2108;2092;2079;2047;1966;2048;2015;2006;2017;2014;2050;2079;2008;2006,65536,1,both,4,10,30,3
matrix_0003_fp16_nn_g16_m2120_n7168_k4096_c32757,fp16,NN,2120,7168,4096,16,2102;2120;2108;2092;2079;2047;1966;2048;2015;2006;2017;2014;2050;2079;2008;2006,32757,1,both,4,10,30,3
matrix_0004_fp16_nn_g16_m2120_n7168_k4096_c65536,fp16,NN,2120,7168,4096,16,2102;2120;2108;2092;2079;2047;1966;2048;2015;2006;2017;2014;2050;2079;2008;2006,65536,1,both,4,10,30,3
matrix_0005_fp16_tn_g16_m7168_n2048_k2120_c32757,fp16,TN,7168,2048,2120,16,2102;2120;2108;2092;2079;2047;1966;2048;2015;2006;2017;2014;2050;2079;2008;2006,32757,1,both,4,10,30,3
matrix_0006_fp16_tn_g16_m7168_n2048_k2120_c65536,fp16,TN,7168,2048,2120,16,2102;2120;2108;2092;2079;2047;1966;2048;2015;2006;2017;2014;2050;2079;2008;2006,65536,1,both,4,10,30,3
matrix_0007_fp16_nt_g16_m2120_n4096_k7168_c32757,fp16,NT,2120,4096,7168,16,2102;2120;2108;2092;2079;2047;1966;2048;2015;2006;2017;2014;2050;2079;2008;2006,32757,1,both,4,10,30,3
matrix_0008_fp16_nt_g16_m2120_n4096_k7168_c65536,fp16,NT,2120,4096,7168,16,2102;2120;2108;2092;2079;2047;1966;2048;2015;2006;2017;2014;2050;2079;2008;2006,65536,1,both,4,10,30,3
matrix_0009_fp16_nt_g16_m2120_n7168_k2048_c32757,fp16,NT,2120,7168,2048,16,2102;2120;2108;2092;2079;2047;1966;2048;2015;2006;2017;2014;2050;2079;2008;2006,32757,1,both,4,10,30,3
matrix_0010_fp16_nt_g16_m2120_n7168_k2048_c65536,fp16,NT,2120,7168,2048,16,2102;2120;2108;2092;2079;2047;1966;2048;2015;2006;2017;2014;2050;2079;2008;2006,65536,1,both,4,10,30,3
matrix_0011_fp16_nn_g16_m2120_n2048_k7168_c32757,fp16,NN,2120,2048,7168,16,2102;2120;2108;2092;2079;2047;1966;2048;2015;2006;2017;2014;2050;2079;2008;2006,32757,1,both,4,10,30,3
matrix_0012_fp16_nn_g16_m2120_n2048_k7168_c65536,fp16,NN,2120,2048,7168,16,2102;2120;2108;2092;2079;2047;1966;2048;2015;2006;2017;2014;2050;2079;2008;2006,65536,1,both,4,10,30,3
matrix_0013_bf16_tn_g16_m4096_n7168_k2120_c32757,bf16,TN,4096,7168,2120,16,2102;2120;2108;2092;2079;2047;1966;2048;2015;2006;2017;2014;2050;2079;2008;2006,32757,1,both,4,10,30,3
matrix_0014_bf16_tn_g16_m4096_n7168_k2120_c65536,bf16,TN,4096,7168,2120,16,2102;2120;2108;2092;2079;2047;1966;2048;2015;2006;2017;2014;2050;2079;2008;2006,65536,1,both,4,10,30,3
matrix_0015_bf16_nn_g16_m2120_n7168_k4096_c32757,bf16,NN,2120,7168,4096,16,2102;2120;2108;2092;2079;2047;1966;2048;2015;2006;2017;2014;2050;2079;2008;2006,32757,1,both,4,10,30,3
matrix_0016_bf16_nn_g16_m2120_n7168_k4096_c65536,bf16,NN,2120,7168,4096,16,2102;2120;2108;2092;2079;2047;1966;2048;2015;2006;2017;2014;2050;2079;2008;2006,65536,1,both,4,10,30,3
matrix_0017_bf16_tn_g16_m7168_n2048_k2120_c32757,bf16,TN,7168,2048,2120,16,2102;2120;2108;2092;2079;2047;1966;2048;2015;2006;2017;2014;2050;2079;2008;2006,32757,1,both,4,10,30,3
matrix_0018_bf16_tn_g16_m7168_n2048_k2120_c65536,bf16,TN,7168,2048,2120,16,2102;2120;2108;2092;2079;2047;1966;2048;2015;2006;2017;2014;2050;2079;2008;2006,65536,1,both,4,10,30,3
matrix_0019_bf16_nt_g16_m2120_n4096_k7168_c32757,bf16,NT,2120,4096,7168,16,2102;2120;2108;2092;2079;2047;1966;2048;2015;2006;2017;2014;2050;2079;2008;2006,32757,1,both,4,10,30,3
matrix_0020_bf16_nt_g16_m2120_n4096_k7168_c65536,bf16,NT,2120,4096,7168,16,2102;2120;2108;2092;2079;2047;1966;2048;2015;2006;2017;2014;2050;2079;2008;2006,65536,1,both,4,10,30,3
matrix_0021_bf16_nt_g16_m2120_n7168_k2048_c32757,bf16,NT,2120,7168,2048,16,2102;2120;2108;2092;2079;2047;1966;2048;2015;2006;2017;2014;2050;2079;2008;2006,32757,1,both,4,10,30,3
matrix_0022_bf16_nt_g16_m2120_n7168_k2048_c65536,bf16,NT,2120,7168,2048,16,2102;2120;2108;2092;2079;2047;1966;2048;2015;2006;2017;2014;2050;2079;2008;2006,65536,1,both,4,10,30,3
matrix_0023_bf16_nn_g16_m2120_n2048_k7168_c32757,bf16,NN,2120,2048,7168,16,2102;2120;2108;2092;2079;2047;1966;2048;2015;2006;2017;2014;2050;2079;2008;2006,32757,1,both,4,10,30,3
matrix_0024_bf16_nn_g16_m2120_n2048_k7168_c65536,bf16,NN,2120,2048,7168,16,2102;2120;2108;2092;2079;2047;1966;2048;2015;2006;2017;2014;2050;2079;2008;2006,65536,1,both,4,10,30,3
matrix_0025_fp16_nt_g1_m4096_n2048_k4096_c4096,fp16,NT,4096,2048,4096,1,4096,4096,1,both,4,10,30,3
matrix_0026_fp16_nn_g1_m4096_n2048_k4096_c4096,fp16,NN,4096,2048,4096,1,4096,4096,1,both,4,10,30,3
matrix_0027_fp16_tn_g1_m4096_n2048_k4096_c4096,fp16,TN,4096,2048,4096,1,4096,4096,1,both,4,10,30,3
matrix_0028_fp16_nt_g1_m4096_n3072_k4096_c4096,fp16,NT,4096,3072,4096,1,4096,4096,1,both,4,10,30,3
matrix_0029_fp16_nn_g1_m4096_n3072_k4096_c4096,fp16,NN,4096,3072,4096,1,4096,4096,1,both,4,10,30,3
matrix_0030_fp16_tn_g1_m4096_n3072_k4096_c4096,fp16,TN,4096,3072,4096,1,4096,4096,1,both,4,10,30,3
matrix_0031_fp16_nt_g1_m4096_n4096_k4096_c4096,fp16,NT,4096,4096,4096,1,4096,4096,1,both,4,10,30,3
matrix_0032_fp16_nn_g1_m4096_n4096_k4096_c4096,fp16,NN,4096,4096,4096,1,4096,4096,1,both,4,10,30,3
matrix_0033_fp16_tn_g1_m4096_n4096_k4096_c4096,fp16,TN,4096,4096,4096,1,4096,4096,1,both,4,10,30,3
matrix_0034_fp16_nt_g1_m4096_n5120_k4096_c4096,fp16,NT,4096,5120,4096,1,4096,4096,1,both,4,10,30,3
matrix_0035_fp16_nn_g1_m4096_n5120_k4096_c4096,fp16,NN,4096,5120,4096,1,4096,4096,1,both,4,10,30,3
matrix_0036_fp16_tn_g1_m4096_n5120_k4096_c4096,fp16,TN,4096,5120,4096,1,4096,4096,1,both,4,10,30,3
matrix_0037_fp16_nt_g1_m4096_n6144_k4096_c4096,fp16,NT,4096,6144,4096,1,4096,4096,1,both,4,10,30,3
matrix_0038_fp16_nn_g1_m4096_n6144_k4096_c4096,fp16,NN,4096,6144,4096,1,4096,4096,1,both,4,10,30,3
matrix_0039_fp16_tn_g1_m4096_n6144_k4096_c4096,fp16,TN,4096,6144,4096,1,4096,4096,1,both,4,10,30,3
matrix_0040_fp16_nt_g1_m4096_n7168_k4096_c4096,fp16,NT,4096,7168,4096,1,4096,4096,1,both,4,10,30,3
matrix_0041_fp16_nn_g1_m4096_n7168_k4096_c4096,fp16,NN,4096,7168,4096,1,4096,4096,1,both,4,10,30,3
matrix_0042_fp16_tn_g1_m4096_n7168_k4096_c4096,fp16,TN,4096,7168,4096,1,4096,4096,1,both,4,10,30,3
matrix_0043_fp16_nt_g1_m1024_n4096_k4096_c1024,fp16,NT,1024,4096,4096,1,1024,1024,1,both,4,10,30,3
matrix_0044_fp16_nn_g1_m1024_n4096_k4096_c1024,fp16,NN,1024,4096,4096,1,1024,1024,1,both,4,10,30,3
matrix_0045_fp16_tn_g1_m1024_n4096_k4096_c4096,fp16,TN,1024,4096,4096,1,4096,4096,1,both,4,10,30,3
matrix_0046_fp16_nt_g1_m2048_n4096_k4096_c2048,fp16,NT,2048,4096,4096,1,2048,2048,1,both,4,10,30,3
matrix_0047_fp16_nn_g1_m2048_n4096_k4096_c2048,fp16,NN,2048,4096,4096,1,2048,2048,1,both,4,10,30,3
matrix_0048_fp16_tn_g1_m2048_n4096_k4096_c4096,fp16,TN,2048,4096,4096,1,4096,4096,1,both,4,10,30,3
matrix_0049_fp16_nt_g1_m4096_n4096_k1024_c4096,fp16,NT,4096,4096,1024,1,4096,4096,1,both,4,10,30,3
matrix_0050_fp16_nn_g1_m4096_n4096_k1024_c4096,fp16,NN,4096,4096,1024,1,4096,4096,1,both,4,10,30,3
matrix_0051_fp16_tn_g1_m4096_n4096_k1024_c1024,fp16,TN,4096,4096,1024,1,1024,1024,1,both,4,10,30,3
matrix_0052_fp16_nt_g1_m4096_n4096_k2048_c4096,fp16,NT,4096,4096,2048,1,4096,4096,1,both,4,10,30,3
matrix_0053_fp16_nn_g1_m4096_n4096_k2048_c4096,fp16,NN,4096,4096,2048,1,4096,4096,1,both,4,10,30,3
matrix_0054_fp16_tn_g1_m4096_n4096_k2048_c2048,fp16,TN,4096,4096,2048,1,2048,2048,1,both,4,10,30,3
matrix_0055_fp16_nt_g1_m4096_n4096_k8192_c4096,fp16,NT,4096,4096,8192,1,4096,4096,1,both,4,10,30,3
matrix_0056_fp16_nn_g1_m4096_n4096_k8192_c4096,fp16,NN,4096,4096,8192,1,4096,4096,1,both,4,10,30,3
matrix_0057_fp16_tn_g1_m4096_n4096_k8192_c8192,fp16,TN,4096,4096,8192,1,8192,8192,1,both,4,10,30,3
matrix_0058_fp16_nt_g3_m4096_n2048_k4096_c12288,fp16,NT,4096,2048,4096,3,4096;4096;4096,12288,1,both,4,10,30,3
matrix_0059_fp16_nn_g3_m4096_n2048_k4096_c12288,fp16,NN,4096,2048,4096,3,4096;4096;4096,12288,1,both,4,10,30,3
matrix_0060_fp16_tn_g3_m4096_n2048_k4096_c12288,fp16,TN,4096,2048,4096,3,4096;4096;4096,12288,1,both,4,10,30,3
matrix_0061_fp16_nt_g3_m4096_n3072_k4096_c12288,fp16,NT,4096,3072,4096,3,4096;4096;4096,12288,1,both,4,10,30,3
matrix_0062_fp16_nn_g3_m4096_n3072_k4096_c12288,fp16,NN,4096,3072,4096,3,4096;4096;4096,12288,1,both,4,10,30,3
matrix_0063_fp16_tn_g3_m4096_n3072_k4096_c12288,fp16,TN,4096,3072,4096,3,4096;4096;4096,12288,1,both,4,10,30,3
matrix_0064_fp16_nt_g3_m4096_n4096_k4096_c12288,fp16,NT,4096,4096,4096,3,4096;4096;4096,12288,1,both,4,10,30,3
matrix_0065_fp16_nn_g3_m4096_n4096_k4096_c12288,fp16,NN,4096,4096,4096,3,4096;4096;4096,12288,1,both,4,10,30,3
matrix_0066_fp16_tn_g3_m4096_n4096_k4096_c12288,fp16,TN,4096,4096,4096,3,4096;4096;4096,12288,1,both,4,10,30,3
matrix_0067_fp16_nt_g3_m4096_n5120_k4096_c12288,fp16,NT,4096,5120,4096,3,4096;4096;4096,12288,1,both,4,10,30,3
matrix_0068_fp16_nn_g3_m4096_n5120_k4096_c12288,fp16,NN,4096,5120,4096,3,4096;4096;4096,12288,1,both,4,10,30,3
matrix_0069_fp16_tn_g3_m4096_n5120_k4096_c12288,fp16,TN,4096,5120,4096,3,4096;4096;4096,12288,1,both,4,10,30,3
matrix_0070_fp16_nt_g3_m4096_n6144_k4096_c12288,fp16,NT,4096,6144,4096,3,4096;4096;4096,12288,1,both,4,10,30,3
matrix_0071_fp16_nn_g3_m4096_n6144_k4096_c12288,fp16,NN,4096,6144,4096,3,4096;4096;4096,12288,1,both,4,10,30,3
matrix_0072_fp16_tn_g3_m4096_n6144_k4096_c12288,fp16,TN,4096,6144,4096,3,4096;4096;4096,12288,1,both,4,10,30,3
matrix_0073_fp16_nt_g3_m4096_n7168_k4096_c12288,fp16,NT,4096,7168,4096,3,4096;4096;4096,12288,1,both,4,10,30,3
matrix_0074_fp16_nn_g3_m4096_n7168_k4096_c12288,fp16,NN,4096,7168,4096,3,4096;4096;4096,12288,1,both,4,10,30,3
matrix_0075_fp16_tn_g3_m4096_n7168_k4096_c12288,fp16,TN,4096,7168,4096,3,4096;4096;4096,12288,1,both,4,10,30,3
matrix_0076_fp16_nt_g3_m1024_n4096_k4096_c3072,fp16,NT,1024,4096,4096,3,1024;1024;1024,3072,1,both,4,10,30,3
matrix_0077_fp16_nn_g3_m1024_n4096_k4096_c3072,fp16,NN,1024,4096,4096,3,1024;1024;1024,3072,1,both,4,10,30,3
matrix_0078_fp16_tn_g3_m1024_n4096_k4096_c12288,fp16,TN,1024,4096,4096,3,4096;4096;4096,12288,1,both,4,10,30,3
matrix_0079_fp16_nt_g3_m2048_n4096_k4096_c6144,fp16,NT,2048,4096,4096,3,2048;2048;2048,6144,1,both,4,10,30,3
matrix_0080_fp16_nn_g3_m2048_n4096_k4096_c6144,fp16,NN,2048,4096,4096,3,2048;2048;2048,6144,1,both,4,10,30,3
matrix_0081_fp16_tn_g3_m2048_n4096_k4096_c12288,fp16,TN,2048,4096,4096,3,4096;4096;4096,12288,1,both,4,10,30,3
matrix_0082_fp16_nt_g3_m4096_n4096_k1024_c12288,fp16,NT,4096,4096,1024,3,4096;4096;4096,12288,1,both,4,10,30,3
matrix_0083_fp16_nn_g3_m4096_n4096_k1024_c12288,fp16,NN,4096,4096,1024,3,4096;4096;4096,12288,1,both,4,10,30,3
matrix_0084_fp16_tn_g3_m4096_n4096_k1024_c3072,fp16,TN,4096,4096,1024,3,1024;1024;1024,3072,1,both,4,10,30,3
matrix_0085_fp16_nt_g3_m4096_n4096_k2048_c12288,fp16,NT,4096,4096,2048,3,4096;4096;4096,12288,1,both,4,10,30,3
matrix_0086_fp16_nn_g3_m4096_n4096_k2048_c12288,fp16,NN,4096,4096,2048,3,4096;4096;4096,12288,1,both,4,10,30,3
matrix_0087_fp16_tn_g3_m4096_n4096_k2048_c6144,fp16,TN,4096,4096,2048,3,2048;2048;2048,6144,1,both,4,10,30,3
matrix_0088_fp16_nt_g3_m4096_n4096_k8192_c12288,fp16,NT,4096,4096,8192,3,4096;4096;4096,12288,1,both,4,10,30,3
matrix_0089_fp16_nn_g3_m4096_n4096_k8192_c12288,fp16,NN,4096,4096,8192,3,4096;4096;4096,12288,1,both,4,10,30,3
matrix_0090_fp16_tn_g3_m4096_n4096_k8192_c24576,fp16,TN,4096,4096,8192,3,8192;8192;8192,24576,1,both,4,10,30,3
matrix_0091_fp16_nt_g4_m4096_n2048_k4096_c16384,fp16,NT,4096,2048,4096,4,4096;4096;4096;4096,16384,1,both,4,10,30,3
matrix_0092_fp16_nn_g4_m4096_n2048_k4096_c16384,fp16,NN,4096,2048,4096,4,4096;4096;4096;4096,16384,1,both,4,10,30,3
matrix_0093_fp16_tn_g4_m4096_n2048_k4096_c16384,fp16,TN,4096,2048,4096,4,4096;4096;4096;4096,16384,1,both,4,10,30,3
matrix_0094_fp16_nt_g4_m4096_n3072_k4096_c16384,fp16,NT,4096,3072,4096,4,4096;4096;4096;4096,16384,1,both,4,10,30,3
matrix_0095_fp16_nn_g4_m4096_n3072_k4096_c16384,fp16,NN,4096,3072,4096,4,4096;4096;4096;4096,16384,1,both,4,10,30,3
matrix_0096_fp16_tn_g4_m4096_n3072_k4096_c16384,fp16,TN,4096,3072,4096,4,4096;4096;4096;4096,16384,1,both,4,10,30,3
matrix_0097_fp16_nt_g4_m4096_n4096_k4096_c16384,fp16,NT,4096,4096,4096,4,4096;4096;4096;4096,16384,1,both,4,10,30,3
matrix_0098_fp16_nn_g4_m4096_n4096_k4096_c16384,fp16,NN,4096,4096,4096,4,4096;4096;4096;4096,16384,1,both,4,10,30,3
matrix_0099_fp16_tn_g4_m4096_n4096_k4096_c16384,fp16,TN,4096,4096,4096,4,4096;4096;4096;4096,16384,1,both,4,10,30,3
matrix_0100_fp16_nt_g4_m4096_n5120_k4096_c16384,fp16,NT,4096,5120,4096,4,4096;4096;4096;4096,16384,1,both,4,10,30,3
matrix_0101_fp16_nn_g4_m4096_n5120_k4096_c16384,fp16,NN,4096,5120,4096,4,4096;4096;4096;4096,16384,1,both,4,10,30,3
matrix_0102_fp16_tn_g4_m4096_n5120_k4096_c16384,fp16,TN,4096,5120,4096,4,4096;4096;4096;4096,16384,1,both,4,10,30,3
matrix_0103_fp16_nt_g4_m4096_n6144_k4096_c16384,fp16,NT,4096,6144,4096,4,4096;4096;4096;4096,16384,1,both,4,10,30,3
matrix_0104_fp16_nn_g4_m4096_n6144_k4096_c16384,fp16,NN,4096,6144,4096,4,4096;4096;4096;4096,16384,1,both,4,10,30,3
matrix_0105_fp16_tn_g4_m4096_n6144_k4096_c16384,fp16,TN,4096,6144,4096,4,4096;4096;4096;4096,16384,1,both,4,10,30,3
matrix_0106_fp16_nt_g4_m4096_n7168_k4096_c16384,fp16,NT,4096,7168,4096,4,4096;4096;4096;4096,16384,1,both,4,10,30,3
matrix_0107_fp16_nn_g4_m4096_n7168_k4096_c16384,fp16,NN,4096,7168,4096,4,4096;4096;4096;4096,16384,1,both,4,10,30,3
matrix_0108_fp16_tn_g4_m4096_n7168_k4096_c16384,fp16,TN,4096,7168,4096,4,4096;4096;4096;4096,16384,1,both,4,10,30,3
matrix_0109_fp16_nt_g4_m1024_n4096_k4096_c4096,fp16,NT,1024,4096,4096,4,1024;1024;1024;1024,4096,1,both,4,10,30,3
matrix_0110_fp16_nn_g4_m1024_n4096_k4096_c4096,fp16,NN,1024,4096,4096,4,1024;1024;1024;1024,4096,1,both,4,10,30,3
matrix_0111_fp16_tn_g4_m1024_n4096_k4096_c16384,fp16,TN,1024,4096,4096,4,4096;4096;4096;4096,16384,1,both,4,10,30,3
matrix_0112_fp16_nt_g4_m2048_n4096_k4096_c8192,fp16,NT,2048,4096,4096,4,2048;2048;2048;2048,8192,1,both,4,10,30,3
matrix_0113_fp16_nn_g4_m2048_n4096_k4096_c8192,fp16,NN,2048,4096,4096,4,2048;2048;2048;2048,8192,1,both,4,10,30,3
matrix_0114_fp16_tn_g4_m2048_n4096_k4096_c16384,fp16,TN,2048,4096,4096,4,4096;4096;4096;4096,16384,1,both,4,10,30,3
matrix_0115_fp16_nt_g4_m4096_n4096_k1024_c16384,fp16,NT,4096,4096,1024,4,4096;4096;4096;4096,16384,1,both,4,10,30,3
matrix_0116_fp16_nn_g4_m4096_n4096_k1024_c16384,fp16,NN,4096,4096,1024,4,4096;4096;4096;4096,16384,1,both,4,10,30,3
matrix_0117_fp16_tn_g4_m4096_n4096_k1024_c4096,fp16,TN,4096,4096,1024,4,1024;1024;1024;1024,4096,1,both,4,10,30,3
matrix_0118_fp16_nt_g4_m4096_n4096_k2048_c16384,fp16,NT,4096,4096,2048,4,4096;4096;4096;4096,16384,1,both,4,10,30,3
matrix_0119_fp16_nn_g4_m4096_n4096_k2048_c16384,fp16,NN,4096,4096,2048,4,4096;4096;4096;4096,16384,1,both,4,10,30,3
matrix_0120_fp16_tn_g4_m4096_n4096_k2048_c8192,fp16,TN,4096,4096,2048,4,2048;2048;2048;2048,8192,1,both,4,10,30,3
matrix_0121_fp16_nt_g4_m4096_n4096_k8192_c16384,fp16,NT,4096,4096,8192,4,4096;4096;4096;4096,16384,1,both,4,10,30,3
matrix_0122_fp16_nn_g4_m4096_n4096_k8192_c16384,fp16,NN,4096,4096,8192,4,4096;4096;4096;4096,16384,1,both,4,10,30,3
matrix_0123_fp16_tn_g4_m4096_n4096_k8192_c32768,fp16,TN,4096,4096,8192,4,8192;8192;8192;8192,32768,1,both,4,10,30,3
matrix_0124_fp16_nt_g5_m4096_n2048_k4096_c20480,fp16,NT,4096,2048,4096,5,4096;4096;4096;4096;4096,20480,1,both,4,10,30,3
matrix_0125_fp16_nn_g5_m4096_n2048_k4096_c20480,fp16,NN,4096,2048,4096,5,4096;4096;4096;4096;4096,20480,1,both,4,10,30,3
matrix_0126_fp16_tn_g5_m4096_n2048_k4096_c20480,fp16,TN,4096,2048,4096,5,4096;4096;4096;4096;4096,20480,1,both,4,10,30,3
matrix_0127_fp16_nt_g5_m4096_n3072_k4096_c20480,fp16,NT,4096,3072,4096,5,4096;4096;4096;4096;4096,20480,1,both,4,10,30,3
matrix_0128_fp16_nn_g5_m4096_n3072_k4096_c20480,fp16,NN,4096,3072,4096,5,4096;4096;4096;4096;4096,20480,1,both,4,10,30,3
matrix_0129_fp16_tn_g5_m4096_n3072_k4096_c20480,fp16,TN,4096,3072,4096,5,4096;4096;4096;4096;4096,20480,1,both,4,10,30,3
matrix_0130_fp16_nt_g5_m4096_n4096_k4096_c20480,fp16,NT,4096,4096,4096,5,4096;4096;4096;4096;4096,20480,1,both,4,10,30,3
matrix_0131_fp16_nn_g5_m4096_n4096_k4096_c20480,fp16,NN,4096,4096,4096,5,4096;4096;4096;4096;4096,20480,1,both,4,10,30,3
matrix_0132_fp16_tn_g5_m4096_n4096_k4096_c20480,fp16,TN,4096,4096,4096,5,4096;4096;4096;4096;4096,20480,1,both,4,10,30,3
matrix_0133_fp16_nt_g5_m4096_n5120_k4096_c20480,fp16,NT,4096,5120,4096,5,4096;4096;4096;4096;4096,20480,1,both,4,10,30,3
matrix_0134_fp16_nn_g5_m4096_n5120_k4096_c20480,fp16,NN,4096,5120,4096,5,4096;4096;4096;4096;4096,20480,1,both,4,10,30,3
matrix_0135_fp16_tn_g5_m4096_n5120_k4096_c20480,fp16,TN,4096,5120,4096,5,4096;4096;4096;4096;4096,20480,1,both,4,10,30,3
matrix_0136_fp16_nt_g5_m4096_n6144_k4096_c20480,fp16,NT,4096,6144,4096,5,4096;4096;4096;4096;4096,20480,1,both,4,10,30,3
matrix_0137_fp16_nn_g5_m4096_n6144_k4096_c20480,fp16,NN,4096,6144,4096,5,4096;4096;4096;4096;4096,20480,1,both,4,10,30,3
matrix_0138_fp16_tn_g5_m4096_n6144_k4096_c20480,fp16,TN,4096,6144,4096,5,4096;4096;4096;4096;4096,20480,1,both,4,10,30,3
matrix_0139_fp16_nt_g5_m4096_n7168_k4096_c20480,fp16,NT,4096,7168,4096,5,4096;4096;4096;4096;4096,20480,1,both,4,10,30,3
matrix_0140_fp16_nn_g5_m4096_n7168_k4096_c20480,fp16,NN,4096,7168,4096,5,4096;4096;4096;4096;4096,20480,1,both,4,10,30,3
matrix_0141_fp16_tn_g5_m4096_n7168_k4096_c20480,fp16,TN,4096,7168,4096,5,4096;4096;4096;4096;4096,20480,1,both,4,10,30,3
matrix_0142_fp16_nt_g5_m1024_n4096_k4096_c5120,fp16,NT,1024,4096,4096,5,1024;1024;1024;1024;1024,5120,1,both,4,10,30,3
matrix_0143_fp16_nn_g5_m1024_n4096_k4096_c5120,fp16,NN,1024,4096,4096,5,1024;1024;1024;1024;1024,5120,1,both,4,10,30,3
matrix_0144_fp16_tn_g5_m1024_n4096_k4096_c20480,fp16,TN,1024,4096,4096,5,4096;4096;4096;4096;4096,20480,1,both,4,10,30,3
matrix_0145_fp16_nt_g5_m2048_n4096_k4096_c10240,fp16,NT,2048,4096,4096,5,2048;2048;2048;2048;2048,10240,1,both,4,10,30,3
matrix_0146_fp16_nn_g5_m2048_n4096_k4096_c10240,fp16,NN,2048,4096,4096,5,2048;2048;2048;2048;2048,10240,1,both,4,10,30,3
matrix_0147_fp16_tn_g5_m2048_n4096_k4096_c20480,fp16,TN,2048,4096,4096,5,4096;4096;4096;4096;4096,20480,1,both,4,10,30,3
matrix_0148_fp16_nt_g5_m4096_n4096_k1024_c20480,fp16,NT,4096,4096,1024,5,4096;4096;4096;4096;4096,20480,1,both,4,10,30,3
matrix_0149_fp16_nn_g5_m4096_n4096_k1024_c20480,fp16,NN,4096,4096,1024,5,4096;4096;4096;4096;4096,20480,1,both,4,10,30,3
matrix_0150_fp16_tn_g5_m4096_n4096_k1024_c5120,fp16,TN,4096,4096,1024,5,1024;1024;1024;1024;1024,5120,1,both,4,10,30,3
matrix_0151_fp16_nt_g5_m4096_n4096_k2048_c20480,fp16,NT,4096,4096,2048,5,4096;4096;4096;4096;4096,20480,1,both,4,10,30,3
matrix_0152_fp16_nn_g5_m4096_n4096_k2048_c20480,fp16,NN,4096,4096,2048,5,4096;4096;4096;4096;4096,20480,1,both,4,10,30,3
matrix_0153_fp16_tn_g5_m4096_n4096_k2048_c10240,fp16,TN,4096,4096,2048,5,2048;2048;2048;2048;2048,10240,1,both,4,10,30,3
matrix_0154_fp16_nt_g5_m4096_n4096_k8192_c20480,fp16,NT,4096,4096,8192,5,4096;4096;4096;4096;4096,20480,1,both,4,10,30,3
matrix_0155_fp16_nn_g5_m4096_n4096_k8192_c20480,fp16,NN,4096,4096,8192,5,4096;4096;4096;4096;4096,20480,1,both,4,10,30,3
matrix_0156_fp16_tn_g5_m4096_n4096_k8192_c40960,fp16,TN,4096,4096,8192,5,8192;8192;8192;8192;8192,40960,1,both,4,10,30,3
matrix_0157_fp16_nt_g8_m4096_n2048_k4096_c32768,fp16,NT,4096,2048,4096,8,4096;4096;4096;4096;4096;4096;4096;4096,32768,1,both,4,10,30,3
matrix_0158_fp16_nn_g8_m4096_n2048_k4096_c32768,fp16,NN,4096,2048,4096,8,4096;4096;4096;4096;4096;4096;4096;4096,32768,1,both,4,10,30,3
matrix_0159_fp16_tn_g8_m4096_n2048_k4096_c32768,fp16,TN,4096,2048,4096,8,4096;4096;4096;4096;4096;4096;4096;4096,32768,1,both,4,10,30,3
matrix_0160_fp16_nt_g8_m4096_n3072_k4096_c32768,fp16,NT,4096,3072,4096,8,4096;4096;4096;4096;4096;4096;4096;4096,32768,1,both,4,10,30,3
matrix_0161_fp16_nn_g8_m4096_n3072_k4096_c32768,fp16,NN,4096,3072,4096,8,4096;4096;4096;4096;4096;4096;4096;4096,32768,1,both,4,10,30,3
matrix_0162_fp16_tn_g8_m4096_n3072_k4096_c32768,fp16,TN,4096,3072,4096,8,4096;4096;4096;4096;4096;4096;4096;4096,32768,1,both,4,10,30,3
matrix_0163_fp16_nt_g8_m4096_n4096_k4096_c32768,fp16,NT,4096,4096,4096,8,4096;4096;4096;4096;4096;4096;4096;4096,32768,1,both,4,10,30,3
matrix_0164_fp16_nn_g8_m4096_n4096_k4096_c32768,fp16,NN,4096,4096,4096,8,4096;4096;4096;4096;4096;4096;4096;4096,32768,1,both,4,10,30,3
matrix_0165_fp16_tn_g8_m4096_n4096_k4096_c32768,fp16,TN,4096,4096,4096,8,4096;4096;4096;4096;4096;4096;4096;4096,32768,1,both,4,10,30,3
matrix_0166_fp16_nt_g8_m4096_n5120_k4096_c32768,fp16,NT,4096,5120,4096,8,4096;4096;4096;4096;4096;4096;4096;4096,32768,1,both,4,10,30,3
matrix_0167_fp16_nn_g8_m4096_n5120_k4096_c32768,fp16,NN,4096,5120,4096,8,4096;4096;4096;4096;4096;4096;4096;4096,32768,1,both,4,10,30,3
matrix_0168_fp16_tn_g8_m4096_n5120_k4096_c32768,fp16,TN,4096,5120,4096,8,4096;4096;4096;4096;4096;4096;4096;4096,32768,1,both,4,10,30,3
matrix_0169_fp16_nt_g8_m4096_n6144_k4096_c32768,fp16,NT,4096,6144,4096,8,4096;4096;4096;4096;4096;4096;4096;4096,32768,1,both,4,10,30,3
matrix_0170_fp16_nn_g8_m4096_n6144_k4096_c32768,fp16,NN,4096,6144,4096,8,4096;4096;4096;4096;4096;4096;4096;4096,32768,1,both,4,10,30,3
matrix_0171_fp16_tn_g8_m4096_n6144_k4096_c32768,fp16,TN,4096,6144,4096,8,4096;4096;4096;4096;4096;4096;4096;4096,32768,1,both,4,10,30,3
matrix_0172_fp16_nt_g8_m4096_n7168_k4096_c32768,fp16,NT,4096,7168,4096,8,4096;4096;4096;4096;4096;4096;4096;4096,32768,1,both,4,10,30,3
matrix_0173_fp16_nn_g8_m4096_n7168_k4096_c32768,fp16,NN,4096,7168,4096,8,4096;4096;4096;4096;4096;4096;4096;4096,32768,1,both,4,10,30,3
matrix_0174_fp16_tn_g8_m4096_n7168_k4096_c32768,fp16,TN,4096,7168,4096,8,4096;4096;4096;4096;4096;4096;4096;4096,32768,1,both,4,10,30,3
matrix_0175_fp16_nt_g8_m1024_n4096_k4096_c8192,fp16,NT,1024,4096,4096,8,1024;1024;1024;1024;1024;1024;1024;1024,8192,1,both,4,10,30,3
matrix_0176_fp16_nn_g8_m1024_n4096_k4096_c8192,fp16,NN,1024,4096,4096,8,1024;1024;1024;1024;1024;1024;1024;1024,8192,1,both,4,10,30,3
matrix_0177_fp16_tn_g8_m1024_n4096_k4096_c32768,fp16,TN,1024,4096,4096,8,4096;4096;4096;4096;4096;4096;4096;4096,32768,1,both,4,10,30,3
matrix_0178_fp16_nt_g8_m2048_n4096_k4096_c16384,fp16,NT,2048,4096,4096,8,2048;2048;2048;2048;2048;2048;2048;2048,16384,1,both,4,10,30,3
matrix_0179_fp16_nn_g8_m2048_n4096_k4096_c16384,fp16,NN,2048,4096,4096,8,2048;2048;2048;2048;2048;2048;2048;2048,16384,1,both,4,10,30,3
matrix_0180_fp16_tn_g8_m2048_n4096_k4096_c32768,fp16,TN,2048,4096,4096,8,4096;4096;4096;4096;4096;4096;4096;4096,32768,1,both,4,10,30,3
matrix_0181_fp16_nt_g8_m4096_n4096_k1024_c32768,fp16,NT,4096,4096,1024,8,4096;4096;4096;4096;4096;4096;4096;4096,32768,1,both,4,10,30,3
matrix_0182_fp16_nn_g8_m4096_n4096_k1024_c32768,fp16,NN,4096,4096,1024,8,4096;4096;4096;4096;4096;4096;4096;4096,32768,1,both,4,10,30,3
matrix_0183_fp16_tn_g8_m4096_n4096_k1024_c8192,fp16,TN,4096,4096,1024,8,1024;1024;1024;1024;1024;1024;1024;1024,8192,1,both,4,10,30,3
matrix_0184_fp16_nt_g8_m4096_n4096_k2048_c32768,fp16,NT,4096,4096,2048,8,4096;4096;4096;4096;4096;4096;4096;4096,32768,1,both,4,10,30,3
matrix_0185_fp16_nn_g8_m4096_n4096_k2048_c32768,fp16,NN,4096,4096,2048,8,4096;4096;4096;4096;4096;4096;4096;4096,32768,1,both,4,10,30,3
matrix_0186_fp16_tn_g8_m4096_n4096_k2048_c16384,fp16,TN,4096,4096,2048,8,2048;2048;2048;2048;2048;2048;2048;2048,16384,1,both,4,10,30,3
matrix_0187_fp16_nt_g8_m4096_n4096_k8192_c32768,fp16,NT,4096,4096,8192,8,4096;4096;4096;4096;4096;4096;4096;4096,32768,1,both,4,10,30,3
matrix_0188_fp16_nn_g8_m4096_n4096_k8192_c32768,fp16,NN,4096,4096,8192,8,4096;4096;4096;4096;4096;4096;4096;4096,32768,1,both,4,10,30,3
matrix_0189_fp16_tn_g8_m4096_n4096_k8192_c65536,fp16,TN,4096,4096,8192,8,8192;8192;8192;8192;8192;8192;8192;8192,65536,1,both,4,10,30,3
matrix_0190_fp16_nt_g16_m4096_n2048_k4096_c65536,fp16,NT,4096,2048,4096,16,4096;4096;4096;4096;4096;4096;4096;4096;4096;4096;4096;4096;4096;4096;4096;4096,65536,1,both,4,10,30,3
matrix_0191_fp16_nn_g16_m4096_n2048_k4096_c65536,fp16,NN,4096,2048,4096,16,4096;4096;4096;4096;4096;4096;4096;4096;4096;4096;4096;4096;4096;4096;4096;4096,65536,1,both,4,10,30,3
matrix_0192_fp16_tn_g16_m4096_n2048_k4096_c65536,fp16,TN,4096,2048,4096,16,4096;4096;4096;4096;4096;4096;4096;4096;4096;4096;4096;4096;4096;4096;4096;4096,65536,1,both,4,10,30,3
matrix_0193_fp16_nt_g16_m4096_n3072_k4096_c65536,fp16,NT,4096,3072,4096,16,4096;4096;4096;4096;4096;4096;4096;4096;4096;4096;4096;4096;4096;4096;4096;4096,65536,1,both,4,10,30,3
matrix_0194_fp16_nn_g16_m4096_n3072_k4096_c65536,fp16,NN,4096,3072,4096,16,4096;4096;4096;4096;4096;4096;4096;4096;4096;4096;4096;4096;4096;4096;4096;4096,65536,1,both,4,10,30,3
matrix_0195_fp16_tn_g16_m4096_n3072_k4096_c65536,fp16,TN,4096,3072,4096,16,4096;4096;4096;4096;4096;4096;4096;4096;4096;4096;4096;4096;4096;4096;4096;4096,65536,1,both,4,10,30,3
matrix_0196_fp16_nt_g16_m4096_n4096_k4096_c65536,fp16,NT,4096,4096,4096,16,4096;4096;4096;4096;4096;4096;4096;4096;4096;4096;4096;4096;4096;4096;4096;4096,65536,1,both,4,10,30,3
matrix_0197_fp16_nn_g16_m4096_n4096_k4096_c65536,fp16,NN,4096,4096,4096,16,4096;4096;4096;4096;4096;4096;4096;4096;4096;4096;4096;4096;4096;4096;4096;4096,65536,1,both,4,10,30,3
matrix_0198_fp16_tn_g16_m4096_n4096_k4096_c65536,fp16,TN,4096,4096,4096,16,4096;4096;4096;4096;4096;4096;4096;4096;4096;4096;4096;4096;4096;4096;4096;4096,65536,1,both,4,10,30,3
matrix_0199_fp16_nt_g16_m4096_n5120_k4096_c65536,fp16,NT,4096,5120,4096,16,4096;4096;4096;4096;4096;4096;4096;4096;4096;4096;4096;4096;4096;4096;4096;4096,65536,1,both,4,10,30,3
matrix_0200_fp16_nn_g16_m4096_n5120_k4096_c65536,fp16,NN,4096,5120,4096,16,4096;4096;4096;4096;4096;4096;4096;4096;4096;4096;4096;4096;4096;4096;4096;4096,65536,1,both,4,10,30,3
matrix_0201_fp16_tn_g16_m4096_n5120_k4096_c65536,fp16,TN,4096,5120,4096,16,4096;4096;4096;4096;4096;4096;4096;4096;4096;4096;4096;4096;4096;4096;4096;4096,65536,1,both,4,10,30,3
matrix_0202_fp16_nt_g16_m4096_n6144_k4096_c65536,fp16,NT,4096,6144,4096,16,4096;4096;4096;4096;4096;4096;4096;4096;4096;4096;4096;4096;4096;4096;4096;4096,65536,1,both,4,10,30,3
matrix_0203_fp16_nn_g16_m4096_n6144_k4096_c65536,fp16,NN,4096,6144,4096,16,4096;4096;4096;4096;4096;4096;4096;4096;4096;4096;4096;4096;4096;4096;4096;4096,65536,1,both,4,10,30,3
matrix_0204_fp16_tn_g16_m4096_n6144_k4096_c65536,fp16,TN,4096,6144,4096,16,4096;4096;4096;4096;4096;4096;4096;4096;4096;4096;4096;4096;4096;4096;4096;4096,65536,1,both,4,10,30,3
matrix_0205_fp16_nt_g16_m4096_n7168_k4096_c65536,fp16,NT,4096,7168,4096,16,4096;4096;4096;4096;4096;4096;4096;4096;4096;4096;4096;4096;4096;4096;4096;4096,65536,1,both,4,10,30,3
matrix_0206_fp16_nn_g16_m4096_n7168_k4096_c65536,fp16,NN,4096,7168,4096,16,4096;4096;4096;4096;4096;4096;4096;4096;4096;4096;4096;4096;4096;4096;4096;4096,65536,1,both,4,10,30,3
matrix_0207_fp16_tn_g16_m4096_n7168_k4096_c65536,fp16,TN,4096,7168,4096,16,4096;4096;4096;4096;4096;4096;4096;4096;4096;4096;4096;4096;4096;4096;4096;4096,65536,1,both,4,10,30,3
matrix_0208_fp16_nt_g16_m1024_n4096_k4096_c16384,fp16,NT,1024,4096,4096,16,1024;1024;1024;1024;1024;1024;1024;1024;1024;1024;1024;1024;1024;1024;1024;1024,16384,1,both,4,10,30,3
matrix_0209_fp16_nn_g16_m1024_n4096_k4096_c16384,fp16,NN,1024,4096,4096,16,1024;1024;1024;1024;1024;1024;1024;1024;1024;1024;1024;1024;1024;1024;1024;1024,16384,1,both,4,10,30,3
matrix_0210_fp16_tn_g16_m1024_n4096_k4096_c65536,fp16,TN,1024,4096,4096,16,4096;4096;4096;4096;4096;4096;4096;4096;4096;4096;4096;4096;4096;4096;4096;4096,65536,1,both,4,10,30,3
matrix_0211_fp16_nt_g16_m2048_n4096_k4096_c32768,fp16,NT,2048,4096,4096,16,2048;2048;2048;2048;2048;2048;2048;2048;2048;2048;2048;2048;2048;2048;2048;2048,32768,1,both,4,10,30,3
matrix_0212_fp16_nn_g16_m2048_n4096_k4096_c32768,fp16,NN,2048,4096,4096,16,2048;2048;2048;2048;2048;2048;2048;2048;2048;2048;2048;2048;2048;2048;2048;2048,32768,1,both,4,10,30,3
matrix_0213_fp16_tn_g16_m2048_n4096_k4096_c65536,fp16,TN,2048,4096,4096,16,4096;4096;4096;4096;4096;4096;4096;4096;4096;4096;4096;4096;4096;4096;4096;4096,65536,1,both,4,10,30,3
matrix_0214_fp16_nt_g16_m4096_n4096_k1024_c65536,fp16,NT,4096,4096,1024,16,4096;4096;4096;4096;4096;4096;4096;4096;4096;4096;4096;4096;4096;4096;4096;4096,65536,1,both,4,10,30,3
matrix_0215_fp16_nn_g16_m4096_n4096_k1024_c65536,fp16,NN,4096,4096,1024,16,4096;4096;4096;4096;4096;4096;4096;4096;4096;4096;4096;4096;4096;4096;4096;4096,65536,1,both,4,10,30,3
matrix_0216_fp16_tn_g16_m4096_n4096_k1024_c16384,fp16,TN,4096,4096,1024,16,1024;1024;1024;1024;1024;1024;1024;1024;1024;1024;1024;1024;1024;1024;1024;1024,16384,1,both,4,10,30,3
matrix_0217_fp16_nt_g16_m4096_n4096_k2048_c65536,fp16,NT,4096,4096,2048,16,4096;4096;4096;4096;4096;4096;4096;4096;4096;4096;4096;4096;4096;4096;4096;4096,65536,1,both,4,10,30,3
matrix_0218_fp16_nn_g16_m4096_n4096_k2048_c65536,fp16,NN,4096,4096,2048,16,4096;4096;4096;4096;4096;4096;4096;4096;4096;4096;4096;4096;4096;4096;4096;4096,65536,1,both,4,10,30,3
matrix_0219_fp16_tn_g16_m4096_n4096_k2048_c32768,fp16,TN,4096,4096,2048,16,2048;2048;2048;2048;2048;2048;2048;2048;2048;2048;2048;2048;2048;2048;2048;2048,32768,1,both,4,10,30,3
matrix_0220_fp16_nt_g16_m4096_n4096_k8192_c65536,fp16,NT,4096,4096,8192,16,4096;4096;4096;4096;4096;4096;4096;4096;4096;4096;4096;4096;4096;4096;4096;4096,65536,1,both,4,10,30,3
matrix_0221_fp16_nn_g16_m4096_n4096_k8192_c65536,fp16,NN,4096,4096,8192,16,4096;4096;4096;4096;4096;4096;4096;4096;4096;4096;4096;4096;4096;4096;4096;4096,65536,1,both,4,10,30,3
matrix_0222_fp16_tn_g16_m4096_n4096_k8192_c131072,fp16,TN,4096,4096,8192,16,8192;8192;8192;8192;8192;8192;8192;8192;8192;8192;8192;8192;8192;8192;8192;8192,131072,1,both,4,10,30,3
matrix_0223_bf16_nt_g1_m4096_n2048_k4096_c4096,bf16,NT,4096,2048,4096,1,4096,4096,1,both,4,10,30,3
matrix_0224_bf16_nn_g1_m4096_n2048_k4096_c4096,bf16,NN,4096,2048,4096,1,4096,4096,1,both,4,10,30,3
matrix_0225_bf16_tn_g1_m4096_n2048_k4096_c4096,bf16,TN,4096,2048,4096,1,4096,4096,1,both,4,10,30,3
matrix_0226_bf16_nt_g1_m4096_n3072_k4096_c4096,bf16,NT,4096,3072,4096,1,4096,4096,1,both,4,10,30,3
matrix_0227_bf16_nn_g1_m4096_n3072_k4096_c4096,bf16,NN,4096,3072,4096,1,4096,4096,1,both,4,10,30,3
matrix_0228_bf16_tn_g1_m4096_n3072_k4096_c4096,bf16,TN,4096,3072,4096,1,4096,4096,1,both,4,10,30,3
matrix_0229_bf16_nt_g1_m4096_n4096_k4096_c4096,bf16,NT,4096,4096,4096,1,4096,4096,1,both,4,10,30,3
matrix_0230_bf16_nn_g1_m4096_n4096_k4096_c4096,bf16,NN,4096,4096,4096,1,4096,4096,1,both,4,10,30,3
matrix_0231_bf16_tn_g1_m4096_n4096_k4096_c4096,bf16,TN,4096,4096,4096,1,4096,4096,1,both,4,10,30,3
matrix_0232_bf16_nt_g1_m4096_n5120_k4096_c4096,bf16,NT,4096,5120,4096,1,4096,4096,1,both,4,10,30,3
matrix_0233_bf16_nn_g1_m4096_n5120_k4096_c4096,bf16,NN,4096,5120,4096,1,4096,4096,1,both,4,10,30,3
matrix_0234_bf16_tn_g1_m4096_n5120_k4096_c4096,bf16,TN,4096,5120,4096,1,4096,4096,1,both,4,10,30,3
matrix_0235_bf16_nt_g1_m4096_n6144_k4096_c4096,bf16,NT,4096,6144,4096,1,4096,4096,1,both,4,10,30,3
matrix_0236_bf16_nn_g1_m4096_n6144_k4096_c4096,bf16,NN,4096,6144,4096,1,4096,4096,1,both,4,10,30,3
matrix_0237_bf16_tn_g1_m4096_n6144_k4096_c4096,bf16,TN,4096,6144,4096,1,4096,4096,1,both,4,10,30,3
matrix_0238_bf16_nt_g1_m4096_n7168_k4096_c4096,bf16,NT,4096,7168,4096,1,4096,4096,1,both,4,10,30,3
matrix_0239_bf16_nn_g1_m4096_n7168_k4096_c4096,bf16,NN,4096,7168,4096,1,4096,4096,1,both,4,10,30,3
matrix_0240_bf16_tn_g1_m4096_n7168_k4096_c4096,bf16,TN,4096,7168,4096,1,4096,4096,1,both,4,10,30,3
matrix_0241_bf16_nt_g1_m1024_n4096_k4096_c1024,bf16,NT,1024,4096,4096,1,1024,1024,1,both,4,10,30,3
matrix_0242_bf16_nn_g1_m1024_n4096_k4096_c1024,bf16,NN,1024,4096,4096,1,1024,1024,1,both,4,10,30,3
matrix_0243_bf16_tn_g1_m1024_n4096_k4096_c4096,bf16,TN,1024,4096,4096,1,4096,4096,1,both,4,10,30,3
matrix_0244_bf16_nt_g1_m2048_n4096_k4096_c2048,bf16,NT,2048,4096,4096,1,2048,2048,1,both,4,10,30,3
matrix_0245_bf16_nn_g1_m2048_n4096_k4096_c2048,bf16,NN,2048,4096,4096,1,2048,2048,1,both,4,10,30,3
matrix_0246_bf16_tn_g1_m2048_n4096_k4096_c4096,bf16,TN,2048,4096,4096,1,4096,4096,1,both,4,10,30,3
matrix_0247_bf16_nt_g1_m4096_n4096_k1024_c4096,bf16,NT,4096,4096,1024,1,4096,4096,1,both,4,10,30,3
matrix_0248_bf16_nn_g1_m4096_n4096_k1024_c4096,bf16,NN,4096,4096,1024,1,4096,4096,1,both,4,10,30,3
matrix_0249_bf16_tn_g1_m4096_n4096_k1024_c1024,bf16,TN,4096,4096,1024,1,1024,1024,1,both,4,10,30,3
matrix_0250_bf16_nt_g1_m4096_n4096_k2048_c4096,bf16,NT,4096,4096,2048,1,4096,4096,1,both,4,10,30,3
matrix_0251_bf16_nn_g1_m4096_n4096_k2048_c4096,bf16,NN,4096,4096,2048,1,4096,4096,1,both,4,10,30,3
matrix_0252_bf16_tn_g1_m4096_n4096_k2048_c2048,bf16,TN,4096,4096,2048,1,2048,2048,1,both,4,10,30,3
matrix_0253_bf16_nt_g1_m4096_n4096_k8192_c4096,bf16,NT,4096,4096,8192,1,4096,4096,1,both,4,10,30,3
matrix_0254_bf16_nn_g1_m4096_n4096_k8192_c4096,bf16,NN,4096,4096,8192,1,4096,4096,1,both,4,10,30,3
matrix_0255_bf16_tn_g1_m4096_n4096_k8192_c8192,bf16,TN,4096,4096,8192,1,8192,8192,1,both,4,10,30,3
matrix_0256_bf16_nt_g3_m4096_n2048_k4096_c12288,bf16,NT,4096,2048,4096,3,4096;4096;4096,12288,1,both,4,10,30,3
matrix_0257_bf16_nn_g3_m4096_n2048_k4096_c12288,bf16,NN,4096,2048,4096,3,4096;4096;4096,12288,1,both,4,10,30,3
matrix_0258_bf16_tn_g3_m4096_n2048_k4096_c12288,bf16,TN,4096,2048,4096,3,4096;4096;4096,12288,1,both,4,10,30,3
matrix_0259_bf16_nt_g3_m4096_n3072_k4096_c12288,bf16,NT,4096,3072,4096,3,4096;4096;4096,12288,1,both,4,10,30,3
matrix_0260_bf16_nn_g3_m4096_n3072_k4096_c12288,bf16,NN,4096,3072,4096,3,4096;4096;4096,12288,1,both,4,10,30,3
matrix_0261_bf16_tn_g3_m4096_n3072_k4096_c12288,bf16,TN,4096,3072,4096,3,4096;4096;4096,12288,1,both,4,10,30,3
matrix_0262_bf16_nt_g3_m4096_n4096_k4096_c12288,bf16,NT,4096,4096,4096,3,4096;4096;4096,12288,1,both,4,10,30,3
matrix_0263_bf16_nn_g3_m4096_n4096_k4096_c12288,bf16,NN,4096,4096,4096,3,4096;4096;4096,12288,1,both,4,10,30,3
matrix_0264_bf16_tn_g3_m4096_n4096_k4096_c12288,bf16,TN,4096,4096,4096,3,4096;4096;4096,12288,1,both,4,10,30,3
matrix_0265_bf16_nt_g3_m4096_n5120_k4096_c12288,bf16,NT,4096,5120,4096,3,4096;4096;4096,12288,1,both,4,10,30,3
matrix_0266_bf16_nn_g3_m4096_n5120_k4096_c12288,bf16,NN,4096,5120,4096,3,4096;4096;4096,12288,1,both,4,10,30,3
matrix_0267_bf16_tn_g3_m4096_n5120_k4096_c12288,bf16,TN,4096,5120,4096,3,4096;4096;4096,12288,1,both,4,10,30,3
matrix_0268_bf16_nt_g3_m4096_n6144_k4096_c12288,bf16,NT,4096,6144,4096,3,4096;4096;4096,12288,1,both,4,10,30,3
matrix_0269_bf16_nn_g3_m4096_n6144_k4096_c12288,bf16,NN,4096,6144,4096,3,4096;4096;4096,12288,1,both,4,10,30,3
matrix_0270_bf16_tn_g3_m4096_n6144_k4096_c12288,bf16,TN,4096,6144,4096,3,4096;4096;4096,12288,1,both,4,10,30,3
matrix_0271_bf16_nt_g3_m4096_n7168_k4096_c12288,bf16,NT,4096,7168,4096,3,4096;4096;4096,12288,1,both,4,10,30,3
matrix_0272_bf16_nn_g3_m4096_n7168_k4096_c12288,bf16,NN,4096,7168,4096,3,4096;4096;4096,12288,1,both,4,10,30,3
matrix_0273_bf16_tn_g3_m4096_n7168_k4096_c12288,bf16,TN,4096,7168,4096,3,4096;4096;4096,12288,1,both,4,10,30,3
matrix_0274_bf16_nt_g3_m1024_n4096_k4096_c3072,bf16,NT,1024,4096,4096,3,1024;1024;1024,3072,1,both,4,10,30,3
matrix_0275_bf16_nn_g3_m1024_n4096_k4096_c3072,bf16,NN,1024,4096,4096,3,1024;1024;1024,3072,1,both,4,10,30,3
matrix_0276_bf16_tn_g3_m1024_n4096_k4096_c12288,bf16,TN,1024,4096,4096,3,4096;4096;4096,12288,1,both,4,10,30,3
matrix_0277_bf16_nt_g3_m2048_n4096_k4096_c6144,bf16,NT,2048,4096,4096,3,2048;2048;2048,6144,1,both,4,10,30,3
matrix_0278_bf16_nn_g3_m2048_n4096_k4096_c6144,bf16,NN,2048,4096,4096,3,2048;2048;2048,6144,1,both,4,10,30,3
matrix_0279_bf16_tn_g3_m2048_n4096_k4096_c12288,bf16,TN,2048,4096,4096,3,4096;4096;4096,12288,1,both,4,10,30,3
matrix_0280_bf16_nt_g3_m4096_n4096_k1024_c12288,bf16,NT,4096,4096,1024,3,4096;4096;4096,12288,1,both,4,10,30,3
matrix_0281_bf16_nn_g3_m4096_n4096_k1024_c12288,bf16,NN,4096,4096,1024,3,4096;4096;4096,12288,1,both,4,10,30,3
matrix_0282_bf16_tn_g3_m4096_n4096_k1024_c3072,bf16,TN,4096,4096,1024,3,1024;1024;1024,3072,1,both,4,10,30,3
matrix_0283_bf16_nt_g3_m4096_n4096_k2048_c12288,bf16,NT,4096,4096,2048,3,4096;4096;4096,12288,1,both,4,10,30,3
matrix_0284_bf16_nn_g3_m4096_n4096_k2048_c12288,bf16,NN,4096,4096,2048,3,4096;4096;4096,12288,1,both,4,10,30,3
matrix_0285_bf16_tn_g3_m4096_n4096_k2048_c6144,bf16,TN,4096,4096,2048,3,2048;2048;2048,6144,1,both,4,10,30,3
matrix_0286_bf16_nt_g3_m4096_n4096_k8192_c12288,bf16,NT,4096,4096,8192,3,4096;4096;4096,12288,1,both,4,10,30,3
matrix_0287_bf16_nn_g3_m4096_n4096_k8192_c12288,bf16,NN,4096,4096,8192,3,4096;4096;4096,12288,1,both,4,10,30,3
matrix_0288_bf16_tn_g3_m4096_n4096_k8192_c24576,bf16,TN,4096,4096,8192,3,8192;8192;8192,24576,1,both,4,10,30,3
matrix_0289_bf16_nt_g4_m4096_n2048_k4096_c16384,bf16,NT,4096,2048,4096,4,4096;4096;4096;4096,16384,1,both,4,10,30,3
matrix_0290_bf16_nn_g4_m4096_n2048_k4096_c16384,bf16,NN,4096,2048,4096,4,4096;4096;4096;4096,16384,1,both,4,10,30,3
matrix_0291_bf16_tn_g4_m4096_n2048_k4096_c16384,bf16,TN,4096,2048,4096,4,4096;4096;4096;4096,16384,1,both,4,10,30,3
matrix_0292_bf16_nt_g4_m4096_n3072_k4096_c16384,bf16,NT,4096,3072,4096,4,4096;4096;4096;4096,16384,1,both,4,10,30,3
matrix_0293_bf16_nn_g4_m4096_n3072_k4096_c16384,bf16,NN,4096,3072,4096,4,4096;4096;4096;4096,16384,1,both,4,10,30,3
matrix_0294_bf16_tn_g4_m4096_n3072_k4096_c16384,bf16,TN,4096,3072,4096,4,4096;4096;4096;4096,16384,1,both,4,10,30,3
matrix_0295_bf16_nt_g4_m4096_n4096_k4096_c16384,bf16,NT,4096,4096,4096,4,4096;4096;4096;4096,16384,1,both,4,10,30,3
matrix_0296_bf16_nn_g4_m4096_n4096_k4096_c16384,bf16,NN,4096,4096,4096,4,4096;4096;4096;4096,16384,1,both,4,10,30,3
matrix_0297_bf16_tn_g4_m4096_n4096_k4096_c16384,bf16,TN,4096,4096,4096,4,4096;4096;4096;4096,16384,1,both,4,10,30,3
matrix_0298_bf16_nt_g4_m4096_n5120_k4096_c16384,bf16,NT,4096,5120,4096,4,4096;4096;4096;4096,16384,1,both,4,10,30,3
matrix_0299_bf16_nn_g4_m4096_n5120_k4096_c16384,bf16,NN,4096,5120,4096,4,4096;4096;4096;4096,16384,1,both,4,10,30,3
matrix_0300_bf16_tn_g4_m4096_n5120_k4096_c16384,bf16,TN,4096,5120,4096,4,4096;4096;4096;4096,16384,1,both,4,10,30,3
matrix_0301_bf16_nt_g4_m4096_n6144_k4096_c16384,bf16,NT,4096,6144,4096,4,4096;4096;4096;4096,16384,1,both,4,10,30,3
matrix_0302_bf16_nn_g4_m4096_n6144_k4096_c16384,bf16,NN,4096,6144,4096,4,4096;4096;4096;4096,16384,1,both,4,10,30,3
matrix_0303_bf16_tn_g4_m4096_n6144_k4096_c16384,bf16,TN,4096,6144,4096,4,4096;4096;4096;4096,16384,1,both,4,10,30,3
matrix_0304_bf16_nt_g4_m4096_n7168_k4096_c16384,bf16,NT,4096,7168,4096,4,4096;4096;4096;4096,16384,1,both,4,10,30,3
matrix_0305_bf16_nn_g4_m4096_n7168_k4096_c16384,bf16,NN,4096,7168,4096,4,4096;4096;4096;4096,16384,1,both,4,10,30,3
matrix_0306_bf16_tn_g4_m4096_n7168_k4096_c16384,bf16,TN,4096,7168,4096,4,4096;4096;4096;4096,16384,1,both,4,10,30,3
matrix_0307_bf16_nt_g4_m1024_n4096_k4096_c4096,bf16,NT,1024,4096,4096,4,1024;1024;1024;1024,4096,1,both,4,10,30,3
matrix_0308_bf16_nn_g4_m1024_n4096_k4096_c4096,bf16,NN,1024,4096,4096,4,1024;1024;1024;1024,4096,1,both,4,10,30,3
matrix_0309_bf16_tn_g4_m1024_n4096_k4096_c16384,bf16,TN,1024,4096,4096,4,4096;4096;4096;4096,16384,1,both,4,10,30,3
matrix_0310_bf16_nt_g4_m2048_n4096_k4096_c8192,bf16,NT,2048,4096,4096,4,2048;2048;2048;2048,8192,1,both,4,10,30,3
matrix_0311_bf16_nn_g4_m2048_n4096_k4096_c8192,bf16,NN,2048,4096,4096,4,2048;2048;2048;2048,8192,1,both,4,10,30,3
matrix_0312_bf16_tn_g4_m2048_n4096_k4096_c16384,bf16,TN,2048,4096,4096,4,4096;4096;4096;4096,16384,1,both,4,10,30,3
matrix_0313_bf16_nt_g4_m4096_n4096_k1024_c16384,bf16,NT,4096,4096,1024,4,4096;4096;4096;4096,16384,1,both,4,10,30,3
matrix_0314_bf16_nn_g4_m4096_n4096_k1024_c16384,bf16,NN,4096,4096,1024,4,4096;4096;4096;4096,16384,1,both,4,10,30,3
matrix_0315_bf16_tn_g4_m4096_n4096_k1024_c4096,bf16,TN,4096,4096,1024,4,1024;1024;1024;1024,4096,1,both,4,10,30,3
matrix_0316_bf16_nt_g4_m4096_n4096_k2048_c16384,bf16,NT,4096,4096,2048,4,4096;4096;4096;4096,16384,1,both,4,10,30,3
matrix_0317_bf16_nn_g4_m4096_n4096_k2048_c16384,bf16,NN,4096,4096,2048,4,4096;4096;4096;4096,16384,1,both,4,10,30,3
matrix_0318_bf16_tn_g4_m4096_n4096_k2048_c8192,bf16,TN,4096,4096,2048,4,2048;2048;2048;2048,8192,1,both,4,10,30,3
matrix_0319_bf16_nt_g4_m4096_n4096_k8192_c16384,bf16,NT,4096,4096,8192,4,4096;4096;4096;4096,16384,1,both,4,10,30,3
matrix_0320_bf16_nn_g4_m4096_n4096_k8192_c16384,bf16,NN,4096,4096,8192,4,4096;4096;4096;4096,16384,1,both,4,10,30,3
matrix_0321_bf16_tn_g4_m4096_n4096_k8192_c32768,bf16,TN,4096,4096,8192,4,8192;8192;8192;8192,32768,1,both,4,10,30,3
matrix_0322_bf16_nt_g5_m4096_n2048_k4096_c20480,bf16,NT,4096,2048,4096,5,4096;4096;4096;4096;4096,20480,1,both,4,10,30,3
matrix_0323_bf16_nn_g5_m4096_n2048_k4096_c20480,bf16,NN,4096,2048,4096,5,4096;4096;4096;4096;4096,20480,1,both,4,10,30,3
matrix_0324_bf16_tn_g5_m4096_n2048_k4096_c20480,bf16,TN,4096,2048,4096,5,4096;4096;4096;4096;4096,20480,1,both,4,10,30,3
matrix_0325_bf16_nt_g5_m4096_n3072_k4096_c20480,bf16,NT,4096,3072,4096,5,4096;4096;4096;4096;4096,20480,1,both,4,10,30,3
matrix_0326_bf16_nn_g5_m4096_n3072_k4096_c20480,bf16,NN,4096,3072,4096,5,4096;4096;4096;4096;4096,20480,1,both,4,10,30,3
matrix_0327_bf16_tn_g5_m4096_n3072_k4096_c20480,bf16,TN,4096,3072,4096,5,4096;4096;4096;4096;4096,20480,1,both,4,10,30,3
matrix_0328_bf16_nt_g5_m4096_n4096_k4096_c20480,bf16,NT,4096,4096,4096,5,4096;4096;4096;4096;4096,20480,1,both,4,10,30,3
matrix_0329_bf16_nn_g5_m4096_n4096_k4096_c20480,bf16,NN,4096,4096,4096,5,4096;4096;4096;4096;4096,20480,1,both,4,10,30,3
matrix_0330_bf16_tn_g5_m4096_n4096_k4096_c20480,bf16,TN,4096,4096,4096,5,4096;4096;4096;4096;4096,20480,1,both,4,10,30,3
matrix_0331_bf16_nt_g5_m4096_n5120_k4096_c20480,bf16,NT,4096,5120,4096,5,4096;4096;4096;4096;4096,20480,1,both,4,10,30,3
matrix_0332_bf16_nn_g5_m4096_n5120_k4096_c20480,bf16,NN,4096,5120,4096,5,4096;4096;4096;4096;4096,20480,1,both,4,10,30,3
matrix_0333_bf16_tn_g5_m4096_n5120_k4096_c20480,bf16,TN,4096,5120,4096,5,4096;4096;4096;4096;4096,20480,1,both,4,10,30,3
matrix_0334_bf16_nt_g5_m4096_n6144_k4096_c20480,bf16,NT,4096,6144,4096,5,4096;4096;4096;4096;4096,20480,1,both,4,10,30,3
matrix_0335_bf16_nn_g5_m4096_n6144_k4096_c20480,bf16,NN,4096,6144,4096,5,4096;4096;4096;4096;4096,20480,1,both,4,10,30,3
matrix_0336_bf16_tn_g5_m4096_n6144_k4096_c20480,bf16,TN,4096,6144,4096,5,4096;4096;4096;4096;4096,20480,1,both,4,10,30,3
matrix_0337_bf16_nt_g5_m4096_n7168_k4096_c20480,bf16,NT,4096,7168,4096,5,4096;4096;4096;4096;4096,20480,1,both,4,10,30,3
matrix_0338_bf16_nn_g5_m4096_n7168_k4096_c20480,bf16,NN,4096,7168,4096,5,4096;4096;4096;4096;4096,20480,1,both,4,10,30,3
matrix_0339_bf16_tn_g5_m4096_n7168_k4096_c20480,bf16,TN,4096,7168,4096,5,4096;4096;4096;4096;4096,20480,1,both,4,10,30,3
matrix_0340_bf16_nt_g5_m1024_n4096_k4096_c5120,bf16,NT,1024,4096,4096,5,1024;1024;1024;1024;1024,5120,1,both,4,10,30,3
matrix_0341_bf16_nn_g5_m1024_n4096_k4096_c5120,bf16,NN,1024,4096,4096,5,1024;1024;1024;1024;1024,5120,1,both,4,10,30,3
matrix_0342_bf16_tn_g5_m1024_n4096_k4096_c20480,bf16,TN,1024,4096,4096,5,4096;4096;4096;4096;4096,20480,1,both,4,10,30,3
matrix_0343_bf16_nt_g5_m2048_n4096_k4096_c10240,bf16,NT,2048,4096,4096,5,2048;2048;2048;2048;2048,10240,1,both,4,10,30,3
matrix_0344_bf16_nn_g5_m2048_n4096_k4096_c10240,bf16,NN,2048,4096,4096,5,2048;2048;2048;2048;2048,10240,1,both,4,10,30,3
matrix_0345_bf16_tn_g5_m2048_n4096_k4096_c20480,bf16,TN,2048,4096,4096,5,4096;4096;4096;4096;4096,20480,1,both,4,10,30,3
matrix_0346_bf16_nt_g5_m4096_n4096_k1024_c20480,bf16,NT,4096,4096,1024,5,4096;4096;4096;4096;4096,20480,1,both,4,10,30,3
matrix_0347_bf16_nn_g5_m4096_n4096_k1024_c20480,bf16,NN,4096,4096,1024,5,4096;4096;4096;4096;4096,20480,1,both,4,10,30,3
matrix_0348_bf16_tn_g5_m4096_n4096_k1024_c5120,bf16,TN,4096,4096,1024,5,1024;1024;1024;1024;1024,5120,1,both,4,10,30,3
matrix_0349_bf16_nt_g5_m4096_n4096_k2048_c20480,bf16,NT,4096,4096,2048,5,4096;4096;4096;4096;4096,20480,1,both,4,10,30,3
matrix_0350_bf16_nn_g5_m4096_n4096_k2048_c20480,bf16,NN,4096,4096,2048,5,4096;4096;4096;4096;4096,20480,1,both,4,10,30,3
matrix_0351_bf16_tn_g5_m4096_n4096_k2048_c10240,bf16,TN,4096,4096,2048,5,2048;2048;2048;2048;2048,10240,1,both,4,10,30,3
matrix_0352_bf16_nt_g5_m4096_n4096_k8192_c20480,bf16,NT,4096,4096,8192,5,4096;4096;4096;4096;4096,20480,1,both,4,10,30,3
matrix_0353_bf16_nn_g5_m4096_n4096_k8192_c20480,bf16,NN,4096,4096,8192,5,4096;4096;4096;4096;4096,20480,1,both,4,10,30,3
matrix_0354_bf16_tn_g5_m4096_n4096_k8192_c40960,bf16,TN,4096,4096,8192,5,8192;8192;8192;8192;8192,40960,1,both,4,10,30,3
matrix_0355_bf16_nt_g8_m4096_n2048_k4096_c32768,bf16,NT,4096,2048,4096,8,4096;4096;4096;4096;4096;4096;4096;4096,32768,1,both,4,10,30,3
matrix_0356_bf16_nn_g8_m4096_n2048_k4096_c32768,bf16,NN,4096,2048,4096,8,4096;4096;4096;4096;4096;4096;4096;4096,32768,1,both,4,10,30,3
matrix_0357_bf16_tn_g8_m4096_n2048_k4096_c32768,bf16,TN,4096,2048,4096,8,4096;4096;4096;4096;4096;4096;4096;4096,32768,1,both,4,10,30,3
matrix_0358_bf16_nt_g8_m4096_n3072_k4096_c32768,bf16,NT,4096,3072,4096,8,4096;4096;4096;4096;4096;4096;4096;4096,32768,1,both,4,10,30,3
matrix_0359_bf16_nn_g8_m4096_n3072_k4096_c32768,bf16,NN,4096,3072,4096,8,4096;4096;4096;4096;4096;4096;4096;4096,32768,1,both,4,10,30,3
matrix_0360_bf16_tn_g8_m4096_n3072_k4096_c32768,bf16,TN,4096,3072,4096,8,4096;4096;4096;4096;4096;4096;4096;4096,32768,1,both,4,10,30,3
matrix_0361_bf16_nt_g8_m4096_n4096_k4096_c32768,bf16,NT,4096,4096,4096,8,4096;4096;4096;4096;4096;4096;4096;4096,32768,1,both,4,10,30,3
matrix_0362_bf16_nn_g8_m4096_n4096_k4096_c32768,bf16,NN,4096,4096,4096,8,4096;4096;4096;4096;4096;4096;4096;4096,32768,1,both,4,10,30,3
matrix_0363_bf16_tn_g8_m4096_n4096_k4096_c32768,bf16,TN,4096,4096,4096,8,4096;4096;4096;4096;4096;4096;4096;4096,32768,1,both,4,10,30,3
matrix_0364_bf16_nt_g8_m4096_n5120_k4096_c32768,bf16,NT,4096,5120,4096,8,4096;4096;4096;4096;4096;4096;4096;4096,32768,1,both,4,10,30,3
matrix_0365_bf16_nn_g8_m4096_n5120_k4096_c32768,bf16,NN,4096,5120,4096,8,4096;4096;4096;4096;4096;4096;4096;4096,32768,1,both,4,10,30,3
matrix_0366_bf16_tn_g8_m4096_n5120_k4096_c32768,bf16,TN,4096,5120,4096,8,4096;4096;4096;4096;4096;4096;4096;4096,32768,1,both,4,10,30,3
matrix_0367_bf16_nt_g8_m4096_n6144_k4096_c32768,bf16,NT,4096,6144,4096,8,4096;4096;4096;4096;4096;4096;4096;4096,32768,1,both,4,10,30,3
matrix_0368_bf16_nn_g8_m4096_n6144_k4096_c32768,bf16,NN,4096,6144,4096,8,4096;4096;4096;4096;4096;4096;4096;4096,32768,1,both,4,10,30,3
matrix_0369_bf16_tn_g8_m4096_n6144_k4096_c32768,bf16,TN,4096,6144,4096,8,4096;4096;4096;4096;4096;4096;4096;4096,32768,1,both,4,10,30,3
matrix_0370_bf16_nt_g8_m4096_n7168_k4096_c32768,bf16,NT,4096,7168,4096,8,4096;4096;4096;4096;4096;4096;4096;4096,32768,1,both,4,10,30,3
matrix_0371_bf16_nn_g8_m4096_n7168_k4096_c32768,bf16,NN,4096,7168,4096,8,4096;4096;4096;4096;4096;4096;4096;4096,32768,1,both,4,10,30,3
matrix_0372_bf16_tn_g8_m4096_n7168_k4096_c32768,bf16,TN,4096,7168,4096,8,4096;4096;4096;4096;4096;4096;4096;4096,32768,1,both,4,10,30,3
matrix_0373_bf16_nt_g8_m1024_n4096_k4096_c8192,bf16,NT,1024,4096,4096,8,1024;1024;1024;1024;1024;1024;1024;1024,8192,1,both,4,10,30,3
matrix_0374_bf16_nn_g8_m1024_n4096_k4096_c8192,bf16,NN,1024,4096,4096,8,1024;1024;1024;1024;1024;1024;1024;1024,8192,1,both,4,10,30,3
matrix_0375_bf16_tn_g8_m1024_n4096_k4096_c32768,bf16,TN,1024,4096,4096,8,4096;4096;4096;4096;4096;4096;4096;4096,32768,1,both,4,10,30,3
matrix_0376_bf16_nt_g8_m2048_n4096_k4096_c16384,bf16,NT,2048,4096,4096,8,2048;2048;2048;2048;2048;2048;2048;2048,16384,1,both,4,10,30,3
matrix_0377_bf16_nn_g8_m2048_n4096_k4096_c16384,bf16,NN,2048,4096,4096,8,2048;2048;2048;2048;2048;2048;2048;2048,16384,1,both,4,10,30,3
matrix_0378_bf16_tn_g8_m2048_n4096_k4096_c32768,bf16,TN,2048,4096,4096,8,4096;4096;4096;4096;4096;4096;4096;4096,32768,1,both,4,10,30,3
matrix_0379_bf16_nt_g8_m4096_n4096_k1024_c32768,bf16,NT,4096,4096,1024,8,4096;4096;4096;4096;4096;4096;4096;4096,32768,1,both,4,10,30,3
matrix_0380_bf16_nn_g8_m4096_n4096_k1024_c32768,bf16,NN,4096,4096,1024,8,4096;4096;4096;4096;4096;4096;4096;4096,32768,1,both,4,10,30,3
matrix_0381_bf16_tn_g8_m4096_n4096_k1024_c8192,bf16,TN,4096,4096,1024,8,1024;1024;1024;1024;1024;1024;1024;1024,8192,1,both,4,10,30,3
matrix_0382_bf16_nt_g8_m4096_n4096_k2048_c32768,bf16,NT,4096,4096,2048,8,4096;4096;4096;4096;4096;4096;4096;4096,32768,1,both,4,10,30,3
matrix_0383_bf16_nn_g8_m4096_n4096_k2048_c32768,bf16,NN,4096,4096,2048,8,4096;4096;4096;4096;4096;4096;4096;4096,32768,1,both,4,10,30,3
matrix_0384_bf16_tn_g8_m4096_n4096_k2048_c16384,bf16,TN,4096,4096,2048,8,2048;2048;2048;2048;2048;2048;2048;2048,16384,1,both,4,10,30,3
matrix_0385_bf16_nt_g8_m4096_n4096_k8192_c32768,bf16,NT,4096,4096,8192,8,4096;4096;4096;4096;4096;4096;4096;4096,32768,1,both,4,10,30,3
matrix_0386_bf16_nn_g8_m4096_n4096_k8192_c32768,bf16,NN,4096,4096,8192,8,4096;4096;4096;4096;4096;4096;4096;4096,32768,1,both,4,10,30,3
matrix_0387_bf16_tn_g8_m4096_n4096_k8192_c65536,bf16,TN,4096,4096,8192,8,8192;8192;8192;8192;8192;8192;8192;8192,65536,1,both,4,10,30,3
matrix_0388_bf16_nt_g16_m4096_n2048_k4096_c65536,bf16,NT,4096,2048,4096,16,4096;4096;4096;4096;4096;4096;4096;4096;4096;4096;4096;4096;4096;4096;4096;4096,65536,1,both,4,10,30,3
matrix_0389_bf16_nn_g16_m4096_n2048_k4096_c65536,bf16,NN,4096,2048,4096,16,4096;4096;4096;4096;4096;4096;4096;4096;4096;4096;4096;4096;4096;4096;4096;4096,65536,1,both,4,10,30,3
matrix_0390_bf16_tn_g16_m4096_n2048_k4096_c65536,bf16,TN,4096,2048,4096,16,4096;4096;4096;4096;4096;4096;4096;4096;4096;4096;4096;4096;4096;4096;4096;4096,65536,1,both,4,10,30,3
matrix_0391_bf16_nt_g16_m4096_n3072_k4096_c65536,bf16,NT,4096,3072,4096,16,4096;4096;4096;4096;4096;4096;4096;4096;4096;4096;4096;4096;4096;4096;4096;4096,65536,1,both,4,10,30,3
matrix_0392_bf16_nn_g16_m4096_n3072_k4096_c65536,bf16,NN,4096,3072,4096,16,4096;4096;4096;4096;4096;4096;4096;4096;4096;4096;4096;4096;4096;4096;4096;4096,65536,1,both,4,10,30,3
matrix_0393_bf16_tn_g16_m4096_n3072_k4096_c65536,bf16,TN,4096,3072,4096,16,4096;4096;4096;4096;4096;4096;4096;4096;4096;4096;4096;4096;4096;4096;4096;4096,65536,1,both,4,10,30,3
matrix_0394_bf16_nt_g16_m4096_n4096_k4096_c65536,bf16,NT,4096,4096,4096,16,4096;4096;4096;4096;4096;4096;4096;4096;4096;4096;4096;4096;4096;4096;4096;4096,65536,1,both,4,10,30,3
matrix_0395_bf16_nn_g16_m4096_n4096_k4096_c65536,bf16,NN,4096,4096,4096,16,4096;4096;4096;4096;4096;4096;4096;4096;4096;4096;4096;4096;4096;4096;4096;4096,65536,1,both,4,10,30,3
matrix_0396_bf16_tn_g16_m4096_n4096_k4096_c65536,bf16,TN,4096,4096,4096,16,4096;4096;4096;4096;4096;4096;4096;4096;4096;4096;4096;4096;4096;4096;4096;4096,65536,1,both,4,10,30,3
matrix_0397_bf16_nt_g16_m4096_n5120_k4096_c65536,bf16,NT,4096,5120,4096,16,4096;4096;4096;4096;4096;4096;4096;4096;4096;4096;4096;4096;4096;4096;4096;4096,65536,1,both,4,10,30,3
matrix_0398_bf16_nn_g16_m4096_n5120_k4096_c65536,bf16,NN,4096,5120,4096,16,4096;4096;4096;4096;4096;4096;4096;4096;4096;4096;4096;4096;4096;4096;4096;4096,65536,1,both,4,10,30,3
matrix_0399_bf16_tn_g16_m4096_n5120_k4096_c65536,bf16,TN,4096,5120,4096,16,4096;4096;4096;4096;4096;4096;4096;4096;4096;4096;4096;4096;4096;4096;4096;4096,65536,1,both,4,10,30,3
matrix_0400_bf16_nt_g16_m4096_n6144_k4096_c65536,bf16,NT,4096,6144,4096,16,4096;4096;4096;4096;4096;4096;4096;4096;4096;4096;4096;4096;4096;4096;4096;4096,65536,1,both,4,10,30,3
matrix_0401_bf16_nn_g16_m4096_n6144_k4096_c65536,bf16,NN,4096,6144,4096,16,4096;4096;4096;4096;4096;4096;4096;4096;4096;4096;4096;4096;4096;4096;4096;4096,65536,1,both,4,10,30,3
matrix_0402_bf16_tn_g16_m4096_n6144_k4096_c65536,bf16,TN,4096,6144,4096,16,4096;4096;4096;4096;4096;4096;4096;4096;4096;4096;4096;4096;4096;4096;4096;4096,65536,1,both,4,10,30,3
matrix_0403_bf16_nt_g16_m4096_n7168_k4096_c65536,bf16,NT,4096,7168,4096,16,4096;4096;4096;4096;4096;4096;4096;4096;4096;4096;4096;4096;4096;4096;4096;4096,65536,1,both,4,10,30,3
matrix_0404_bf16_nn_g16_m4096_n7168_k4096_c65536,bf16,NN,4096,7168,4096,16,4096;4096;4096;4096;4096;4096;4096;4096;4096;4096;4096;4096;4096;4096;4096;4096,65536,1,both,4,10,30,3
matrix_0405_bf16_tn_g16_m4096_n7168_k4096_c65536,bf16,TN,4096,7168,4096,16,4096;4096;4096;4096;4096;4096;4096;4096;4096;4096;4096;4096;4096;4096;4096;4096,65536,1,both,4,10,30,3
matrix_0406_bf16_nt_g16_m1024_n4096_k4096_c16384,bf16,NT,1024,4096,4096,16,1024;1024;1024;1024;1024;1024;1024;1024;1024;1024;1024;1024;1024;1024;1024;1024,16384,1,both,4,10,30,3
matrix_0407_bf16_nn_g16_m1024_n4096_k4096_c16384,bf16,NN,1024,4096,4096,16,1024;1024;1024;1024;1024;1024;1024;1024;1024;1024;1024;1024;1024;1024;1024;1024,16384,1,both,4,10,30,3
matrix_0408_bf16_tn_g16_m1024_n4096_k4096_c65536,bf16,TN,1024,4096,4096,16,4096;4096;4096;4096;4096;4096;4096;4096;4096;4096;4096;4096;4096;4096;4096;4096,65536,1,both,4,10,30,3
matrix_0409_bf16_nt_g16_m2048_n4096_k4096_c32768,bf16,NT,2048,4096,4096,16,2048;2048;2048;2048;2048;2048;2048;2048;2048;2048;2048;2048;2048;2048;2048;2048,32768,1,both,4,10,30,3
matrix_0410_bf16_nn_g16_m2048_n4096_k4096_c32768,bf16,NN,2048,4096,4096,16,2048;2048;2048;2048;2048;2048;2048;2048;2048;2048;2048;2048;2048;2048;2048;2048,32768,1,both,4,10,30,3
matrix_0411_bf16_tn_g16_m2048_n4096_k4096_c65536,bf16,TN,2048,4096,4096,16,4096;4096;4096;4096;4096;4096;4096;4096;4096;4096;4096;4096;4096;4096;4096;4096,65536,1,both,4,10,30,3
matrix_0412_bf16_nt_g16_m4096_n4096_k1024_c65536,bf16,NT,4096,4096,1024,16,4096;4096;4096;4096;4096;4096;4096;4096;4096;4096;4096;4096;4096;4096;4096;4096,65536,1,both,4,10,30,3
matrix_0413_bf16_nn_g16_m4096_n4096_k1024_c65536,bf16,NN,4096,4096,1024,16,4096;4096;4096;4096;4096;4096;4096;4096;4096;4096;4096;4096;4096;4096;4096;4096,65536,1,both,4,10,30,3
matrix_0414_bf16_tn_g16_m4096_n4096_k1024_c16384,bf16,TN,4096,4096,1024,16,1024;1024;1024;1024;1024;1024;1024;1024;1024;1024;1024;1024;1024;1024;1024;1024,16384,1,both,4,10,30,3
matrix_0415_bf16_nt_g16_m4096_n4096_k2048_c65536,bf16,NT,4096,4096,2048,16,4096;4096;4096;4096;4096;4096;4096;4096;4096;4096;4096;4096;4096;4096;4096;4096,65536,1,both,4,10,30,3
matrix_0416_bf16_nn_g16_m4096_n4096_k2048_c65536,bf16,NN,4096,4096,2048,16,4096;4096;4096;4096;4096;4096;4096;4096;4096;4096;4096;4096;4096;4096;4096;4096,65536,1,both,4,10,30,3
matrix_0417_bf16_tn_g16_m4096_n4096_k2048_c32768,bf16,TN,4096,4096,2048,16,2048;2048;2048;2048;2048;2048;2048;2048;2048;2048;2048;2048;2048;2048;2048;2048,32768,1,both,4,10,30,3
matrix_0418_bf16_nt_g16_m4096_n4096_k8192_c65536,bf16,NT,4096,4096,8192,16,4096;4096;4096;4096;4096;4096;4096;4096;4096;4096;4096;4096;4096;4096;4096;4096,65536,1,both,4,10,30,3
matrix_0419_bf16_nn_g16_m4096_n4096_k8192_c65536,bf16,NN,4096,4096,8192,16,4096;4096;4096;4096;4096;4096;4096;4096;4096;4096;4096;4096;4096;4096;4096;4096,65536,1,both,4,10,30,3
matrix_0420_bf16_tn_g16_m4096_n4096_k8192_c131072,bf16,TN,4096,4096,8192,16,8192;8192;8192;8192;8192;8192;8192;8192;8192;8192;8192;8192;8192;8192;8192;8192,131072,1,both,4,10,30,3
matrix_0421_bf16_nt_g16_m2136_n4096_k7168_c65536,bf16,NT,2136,4096,7168,16,2049;2080;2053;2070;2048;2136;1986;2102;2021;2050;2028;2030;1987;1978;2019;2051,65536,1,both,4,10,30,3
matrix_0422_bf16_nn_g16_m2136_n7168_k4096_c65536,bf16,NN,2136,7168,4096,16,2049;2080;2053;2070;2048;2136;1986;2102;2021;2050;2028;2030;1987;1978;2019;2051,65536,1,both,4,10,30,3
matrix_0423_bf16_tn_g16_m4096_n7168_k2136_c65536,bf16,TN,4096,7168,2136,16,2049;2080;2053;2070;2048;2136;1986;2102;2021;2050;2028;2030;1987;1978;2019;2051,65536,1,both,4,10,30,3
matrix_0424_bf16_nt_g16_m2136_n7168_k2048_c65536,bf16,NT,2136,7168,2048,16,2049;2080;2053;2070;2048;2136;1986;2102;2021;2050;2028;2030;1987;1978;2019;2051,65536,1,both,4,10,30,3
matrix_0425_bf16_nn_g16_m2136_n2048_k7168_c65536,bf16,NN,2136,2048,7168,16,2049;2080;2053;2070;2048;2136;1986;2102;2021;2050;2028;2030;1987;1978;2019;2051,65536,1,both,4,10,30,3
matrix_0426_bf16_tn_g16_m7168_n2048_k2136_c65536,bf16,TN,7168,2048,2136,16,2049;2080;2053;2070;2048;2136;1986;2102;2021;2050;2028;2030;1987;1978;2019;2051,65536,1,both,4,10,30,3
matrix_0427_bf16_nt_g16_m2115_n4096_k7168_c65536,bf16,NT,2115,4096,7168,16,2110;2037;2098;2115;2045;2012;2010;1990;2064;1969;2021;2036;2025;2049;1980;2027,65536,1,both,4,10,30,3
matrix_0428_bf16_nn_g16_m2115_n7168_k4096_c65536,bf16,NN,2115,7168,4096,16,2110;2037;2098;2115;2045;2012;2010;1990;2064;1969;2021;2036;2025;2049;1980;2027,65536,1,both,4,10,30,3
matrix_0429_bf16_tn_g16_m4096_n7168_k2115_c65536,bf16,TN,4096,7168,2115,16,2110;2037;2098;2115;2045;2012;2010;1990;2064;1969;2021;2036;2025;2049;1980;2027,65536,1,both,4,10,30,3
matrix_0430_bf16_nt_g16_m2115_n7168_k2048_c65536,bf16,NT,2115,7168,2048,16,2110;2037;2098;2115;2045;2012;2010;1990;2064;1969;2021;2036;2025;2049;1980;2027,65536,1,both,4,10,30,3
matrix_0431_bf16_nn_g16_m2115_n2048_k7168_c65536,bf16,NN,2115,2048,7168,16,2110;2037;2098;2115;2045;2012;2010;1990;2064;1969;2021;2036;2025;2049;1980;2027,65536,1,both,4,10,30,3
matrix_0432_bf16_tn_g16_m7168_n2048_k2115_c65536,bf16,TN,7168,2048,2115,16,2110;2037;2098;2115;2045;2012;2010;1990;2064;1969;2021;2036;2025;2049;1980;2027,65536,1,both,4,10,30,3
matrix_0433_bf16_nt_g16_m2113_n4096_k7168_c65536,bf16,NT,2113,4096,7168,16,2034;2062;2039;2039;2054;2002;2113;2073;2030;2023;2002;1996;2061;2015;1991;2053,65536,1,both,4,10,30,3
matrix_0434_bf16_nn_g16_m2113_n7168_k4096_c65536,bf16,NN,2113,7168,4096,16,2034;2062;2039;2039;2054;2002;2113;2073;2030;2023;2002;1996;2061;2015;1991;2053,65536,1,both,4,10,30,3
matrix_0435_bf16_tn_g16_m4096_n7168_k2113_c65536,bf16,TN,4096,7168,2113,16,2034;2062;2039;2039;2054;2002;2113;2073;2030;2023;2002;1996;2061;2015;1991;2053,65536,1,both,4,10,30,3
matrix_0436_bf16_nt_g16_m2113_n7168_k2048_c65536,bf16,NT,2113,7168,2048,16,2034;2062;2039;2039;2054;2002;2113;2073;2030;2023;2002;1996;2061;2015;1991;2053,65536,1,both,4,10,30,3
matrix_0437_bf16_nn_g16_m2113_n2048_k7168_c65536,bf16,NN,2113,2048,7168,16,2034;2062;2039;2039;2054;2002;2113;2073;2030;2023;2002;1996;2061;2015;1991;2053,65536,1,both,4,10,30,3
matrix_0438_bf16_tn_g16_m7168_n2048_k2113_c65536,bf16,TN,7168,2048,2113,16,2034;2062;2039;2039;2054;2002;2113;2073;2030;2023;2002;1996;2061;2015;1991;2053,65536,1,both,4,10,30,3
matrix_0439_bf16_nt_g16_m2090_n4096_k7168_c65536,bf16,NT,2090,4096,7168,16,2090;2080;2017;2073;2031;2046;2060;2047;2069;2032;2080;2010;2044;2030;2056;2073,65536,1,both,4,10,30,3
matrix_0440_bf16_nn_g16_m2090_n7168_k4096_c65536,bf16,NN,2090,7168,4096,16,2090;2080;2017;2073;2031;2046;2060;2047;2069;2032;2080;2010;2044;2030;2056;2073,65536,1,both,4,10,30,3
matrix_0441_bf16_tn_g16_m4096_n7168_k2090_c65536,bf16,TN,4096,7168,2090,16,2090;2080;2017;2073;2031;2046;2060;2047;2069;2032;2080;2010;2044;2030;2056;2073,65536,1,both,4,10,30,3
matrix_0442_bf16_nt_g16_m2090_n7168_k2048_c65536,bf16,NT,2090,7168,2048,16,2090;2080;2017;2073;2031;2046;2060;2047;2069;2032;2080;2010;2044;2030;2056;2073,65536,1,both,4,10,30,3
matrix_0443_bf16_nn_g16_m2090_n2048_k7168_c65536,bf16,NN,2090,2048,7168,16,2090;2080;2017;2073;2031;2046;2060;2047;2069;2032;2080;2010;2044;2030;2056;2073,65536,1,both,4,10,30,3
matrix_0444_bf16_tn_g16_m7168_n2048_k2090_c65536,bf16,TN,7168,2048,2090,16,2090;2080;2017;2073;2031;2046;2060;2047;2069;2032;2080;2010;2044;2030;2056;2073,65536,1,both,4,10,30,3
matrix_0445_bf16_nt_g16_m2112_n4096_k7168_c65536,bf16,NT,2112,4096,7168,16,2053;2112;2018;2047;1994;2102;1979;2027;2070;2034;2064;2031;2004;2026;1971;2066,65536,1,both,4,10,30,3
matrix_0446_bf16_nn_g16_m2112_n7168_k4096_c65536,bf16,NN,2112,7168,4096,16,2053;2112;2018;2047;1994;2102;1979;2027;2070;2034;2064;2031;2004;2026;1971;2066,65536,1,both,4,10,30,3
matrix_0447_bf16_tn_g16_m4096_n7168_k2112_c65536,bf16,TN,4096,7168,2112,16,2053;2112;2018;2047;1994;2102;1979;2027;2070;2034;2064;2031;2004;2026;1971;2066,65536,1,both,4,10,30,3
matrix_0448_bf16_nt_g16_m2112_n7168_k2048_c65536,bf16,NT,2112,7168,2048,16,2053;2112;2018;2047;1994;2102;1979;2027;2070;2034;2064;2031;2004;2026;1971;2066,65536,1,both,4,10,30,3
matrix_0449_bf16_nn_g16_m2112_n2048_k7168_c65536,bf16,NN,2112,2048,7168,16,2053;2112;2018;2047;1994;2102;1979;2027;2070;2034;2064;2031;2004;2026;1971;2066,65536,1,both,4,10,30,3
matrix_0450_bf16_tn_g16_m7168_n2048_k2112_c65536,bf16,TN,7168,2048,2112,16,2053;2112;2018;2047;1994;2102;1979;2027;2070;2034;2064;2031;2004;2026;1971;2066,65536,1,both,4,10,30,3
matrix_0451_bf16_nt_g16_m2170_n4096_k7168_c65536,bf16,NT,2170,4096,7168,16,2170;2111;2013;2081;2038;2066;2086;2047;2057;2019;1970;2066;2015;2108;2063;2056,65536,1,both,4,10,30,3
matrix_0452_bf16_nn_g16_m2170_n7168_k4096_c65536,bf16,NN,2170,7168,4096,16,2170;2111;2013;2081;2038;2066;2086;2047;2057;2019;1970;2066;2015;2108;2063;2056,65536,1,both,4,10,30,3
matrix_0453_bf16_tn_g16_m4096_n7168_k2170_c65536,bf16,TN,4096,7168,2170,16,2170;2111;2013;2081;2038;2066;2086;2047;2057;2019;1970;2066;2015;2108;2063;2056,65536,1,both,4,10,30,3
matrix_0454_bf16_nt_g16_m2170_n7168_k2048_c65536,bf16,NT,2170,7168,2048,16,2170;2111;2013;2081;2038;2066;2086;2047;2057;2019;1970;2066;2015;2108;2063;2056,65536,1,both,4,10,30,3
matrix_0455_bf16_nn_g16_m2170_n2048_k7168_c65536,bf16,NN,2170,2048,7168,16,2170;2111;2013;2081;2038;2066;2086;2047;2057;2019;1970;2066;2015;2108;2063;2056,65536,1,both,4,10,30,3
matrix_0456_bf16_tn_g16_m7168_n2048_k2170_c65536,bf16,TN,7168,2048,2170,16,2170;2111;2013;2081;2038;2066;2086;2047;2057;2019;1970;2066;2015;2108;2063;2056,65536,1,both,4,10,30,3
matrix_0457_bf16_nt_g16_m2132_n4096_k7168_c65536,bf16,NT,2132,4096,7168,16,2078;2055;2095;2048;1987;2044;2090;2070;2016;2052;2020;1952;2038;2132;2044;1996,65536,1,both,4,10,30,3
matrix_0458_bf16_nn_g16_m2132_n7168_k4096_c65536,bf16,NN,2132,7168,4096,16,2078;2055;2095;2048;1987;2044;2090;2070;2016;2052;2020;1952;2038;2132;2044;1996,65536,1,both,4,10,30,3
matrix_0459_bf16_tn_g16_m4096_n7168_k2132_c65536,bf16,TN,4096,7168,2132,16,2078;2055;2095;2048;1987;2044;2090;2070;2016;2052;2020;1952;2038;2132;2044;1996,65536,1,both,4,10,30,3
matrix_0460_bf16_nt_g16_m2132_n7168_k2048_c65536,bf16,NT,2132,7168,2048,16,2078;2055;2095;2048;1987;2044;2090;2070;2016;2052;2020;1952;2038;2132;2044;1996,65536,1,both,4,10,30,3
matrix_0461_bf16_nn_g16_m2132_n2048_k7168_c65536,bf16,NN,2132,2048,7168,16,2078;2055;2095;2048;1987;2044;2090;2070;2016;2052;2020;1952;2038;2132;2044;1996,65536,1,both,4,10,30,3
matrix_0462_bf16_tn_g16_m7168_n2048_k2132_c65536,bf16,TN,7168,2048,2132,16,2078;2055;2095;2048;1987;2044;2090;2070;2016;2052;2020;1952;2038;2132;2044;1996,65536,1,both,4,10,30,3
matrix_0463_bf16_nt_g16_m2103_n4096_k7168_c65536,bf16,NT,2103,4096,7168,16,2027;2070;2088;2096;2083;2046;2042;2103;2074;2034;2022;2047;2004;1993;2018;2070,65536,1,both,4,10,30,3
matrix_0464_bf16_nn_g16_m2103_n7168_k4096_c65536,bf16,NN,2103,7168,4096,16,2027;2070;2088;2096;2083;2046;2042;2103;2074;2034;2022;2047;2004;1993;2018;2070,65536,1,both,4,10,30,3
matrix_0465_bf16_tn_g16_m4096_n7168_k2103_c65536,bf16,TN,4096,7168,2103,16,2027;2070;2088;2096;2083;2046;2042;2103;2074;2034;2022;2047;2004;1993;2018;2070,65536,1,both,4,10,30,3
matrix_0466_bf16_nt_g16_m2103_n7168_k2048_c65536,bf16,NT,2103,7168,2048,16,2027;2070;2088;2096;2083;2046;2042;2103;2074;2034;2022;2047;2004;1993;2018;2070,65536,1,both,4,10,30,3
matrix_0467_bf16_nn_g16_m2103_n2048_k7168_c65536,bf16,NN,2103,2048,7168,16,2027;2070;2088;2096;2083;2046;2042;2103;2074;2034;2022;2047;2004;1993;2018;2070,65536,1,both,4,10,30,3
matrix_0468_bf16_tn_g16_m7168_n2048_k2103_c65536,bf16,TN,7168,2048,2103,16,2027;2070;2088;2096;2083;2046;2042;2103;2074;2034;2022;2047;2004;1993;2018;2070,65536,1,both,4,10,30,3
matrix_0469_bf16_nt_g16_m2122_n4096_k7168_c65536,bf16,NT,2122,4096,7168,16,2020;2036;2041;2061;2018;2010;2017;2041;2031;2071;2122;2026;1982;2040;2022;2044,65536,1,both,4,10,30,3
matrix_0470_bf16_nn_g16_m2122_n7168_k4096_c65536,bf16,NN,2122,7168,4096,16,2020;2036;2041;2061;2018;2010;2017;2041;2031;2071;2122;2026;1982;2040;2022;2044,65536,1,both,4,10,30,3
matrix_0471_bf16_tn_g16_m4096_n7168_k2122_c65536,bf16,TN,4096,7168,2122,16,2020;2036;2041;2061;2018;2010;2017;2041;2031;2071;2122;2026;1982;2040;2022;2044,65536,1,both,4,10,30,3
matrix_0472_bf16_nt_g16_m2122_n7168_k2048_c65536,bf16,NT,2122,7168,2048,16,2020;2036;2041;2061;2018;2010;2017;2041;2031;2071;2122;2026;1982;2040;2022;2044,65536,1,both,4,10,30,3
matrix_0473_bf16_nn_g16_m2122_n2048_k7168_c65536,bf16,NN,2122,2048,7168,16,2020;2036;2041;2061;2018;2010;2017;2041;2031;2071;2122;2026;1982;2040;2022;2044,65536,1,both,4,10,30,3
matrix_0474_bf16_tn_g16_m7168_n2048_k2122_c65536,bf16,TN,7168,2048,2122,16,2020;2036;2041;2061;2018;2010;2017;2041;2031;2071;2122;2026;1982;2040;2022;2044,65536,1,both,4,10,30,3
matrix_0475_bf16_nt_g16_m2114_n4096_k7168_c65536,bf16,NT,2114,4096,7168,16,2016;2114;2018;2065;2038;2056;2111;2069;2021;2027;2068;2095;2031;2056;2030;2056,65536,1,both,4,10,30,3
matrix_0476_bf16_nn_g16_m2114_n7168_k4096_c65536,bf16,NN,2114,7168,4096,16,2016;2114;2018;2065;2038;2056;2111;2069;2021;2027;2068;2095;2031;2056;2030;2056,65536,1,both,4,10,30,3
matrix_0477_bf16_tn_g16_m4096_n7168_k2114_c65536,bf16,TN,4096,7168,2114,16,2016;2114;2018;2065;2038;2056;2111;2069;2021;2027;2068;2095;2031;2056;2030;2056,65536,1,both,4,10,30,3
matrix_0478_bf16_nt_g16_m2114_n7168_k2048_c65536,bf16,NT,2114,7168,2048,16,2016;2114;2018;2065;2038;2056;2111;2069;2021;2027;2068;2095;2031;2056;2030;2056,65536,1,both,4,10,30,3
matrix_0479_bf16_nn_g16_m2114_n2048_k7168_c65536,bf16,NN,2114,2048,7168,16,2016;2114;2018;2065;2038;2056;2111;2069;2021;2027;2068;2095;2031;2056;2030;2056,65536,1,both,4,10,30,3
matrix_0480_bf16_tn_g16_m7168_n2048_k2114_c65536,bf16,TN,7168,2048,2114,16,2016;2114;2018;2065;2038;2056;2111;2069;2021;2027;2068;2095;2031;2056;2030;2056,65536,1,both,4,10,30,3
matrix_0481_bf16_nt_g16_m2103_n4096_k7168_c65536,bf16,NT,2103,4096,7168,16,1998;2065;2030;2103;2069;2048;2054;1946;1990;2001;2048;2048;2054;2054;2053;2094,65536,1,both,4,10,30,3
matrix_0482_bf16_nn_g16_m2103_n7168_k4096_c65536,bf16,NN,2103,7168,4096,16,1998;2065;2030;2103;2069;2048;2054;1946;1990;2001;2048;2048;2054;2054;2053;2094,65536,1,both,4,10,30,3
matrix_0483_bf16_tn_g16_m4096_n7168_k2103_c65536,bf16,TN,4096,7168,2103,16,1998;2065;2030;2103;2069;2048;2054;1946;1990;2001;2048;2048;2054;2054;2053;2094,65536,1,both,4,10,30,3
matrix_0484_bf16_nt_g16_m2103_n7168_k2048_c65536,bf16,NT,2103,7168,2048,16,1998;2065;2030;2103;2069;2048;2054;1946;1990;2001;2048;2048;2054;2054;2053;2094,65536,1,both,4,10,30,3
matrix_0485_bf16_nn_g16_m2103_n2048_k7168_c65536,bf16,NN,2103,2048,7168,16,1998;2065;2030;2103;2069;2048;2054;1946;1990;2001;2048;2048;2054;2054;2053;2094,65536,1,both,4,10,30,3
matrix_0486_bf16_tn_g16_m7168_n2048_k2103_c65536,bf16,TN,7168,2048,2103,16,1998;2065;2030;2103;2069;2048;2054;1946;1990;2001;2048;2048;2054;2054;2053;2094,65536,1,both,4,10,30,3
matrix_0487_bf16_nt_g16_m2094_n4096_k7168_c65536,bf16,NT,2094,4096,7168,16,2046;1994;2010;2067;2027;2041;2085;2015;2040;2028;2039;2009;2085;2044;2094;2026,65536,1,both,4,10,30,3
matrix_0488_bf16_nn_g16_m2094_n7168_k4096_c65536,bf16,NN,2094,7168,4096,16,2046;1994;2010;2067;2027;2041;2085;2015;2040;2028;2039;2009;2085;2044;2094;2026,65536,1,both,4,10,30,3
matrix_0489_bf16_tn_g16_m4096_n7168_k2094_c65536,bf16,TN,4096,7168,2094,16,2046;1994;2010;2067;2027;2041;2085;2015;2040;2028;2039;2009;2085;2044;2094;2026,65536,1,both,4,10,30,3
matrix_0490_bf16_nt_g16_m2094_n7168_k2048_c65536,bf16,NT,2094,7168,2048,16,2046;1994;2010;2067;2027;2041;2085;2015;2040;2028;2039;2009;2085;2044;2094;2026,65536,1,both,4,10,30,3
matrix_0491_bf16_nn_g16_m2094_n2048_k7168_c65536,bf16,NN,2094,2048,7168,16,2046;1994;2010;2067;2027;2041;2085;2015;2040;2028;2039;2009;2085;2044;2094;2026,65536,1,both,4,10,30,3
matrix_0492_bf16_tn_g16_m7168_n2048_k2094_c65536,bf16,TN,7168,2048,2094,16,2046;1994;2010;2067;2027;2041;2085;2015;2040;2028;2039;2009;2085;2044;2094;2026,65536,1,both,4,10,30,3
matrix_0493_bf16_nt_g16_m2130_n4096_k7168_c65536,bf16,NT,2130,4096,7168,16,2054;2031;2039;2106;2060;2028;2037;2052;2092;2033;2092;2130;2008;2004;1951;2048,65536,1,both,4,10,30,3
matrix_0494_bf16_nn_g16_m2130_n7168_k4096_c65536,bf16,NN,2130,7168,4096,16,2054;2031;2039;2106;2060;2028;2037;2052;2092;2033;2092;2130;2008;2004;1951;2048,65536,1,both,4,10,30,3
matrix_0495_bf16_tn_g16_m4096_n7168_k2130_c65536,bf16,TN,4096,7168,2130,16,2054;2031;2039;2106;2060;2028;2037;2052;2092;2033;2092;2130;2008;2004;1951;2048,65536,1,both,4,10,30,3
matrix_0496_bf16_nt_g16_m2130_n7168_k2048_c65536,bf16,NT,2130,7168,2048,16,2054;2031;2039;2106;2060;2028;2037;2052;2092;2033;2092;2130;2008;2004;1951;2048,65536,1,both,4,10,30,3
matrix_0497_bf16_nn_g16_m2130_n2048_k7168_c65536,bf16,NN,2130,2048,7168,16,2054;2031;2039;2106;2060;2028;2037;2052;2092;2033;2092;2130;2008;2004;1951;2048,65536,1,both,4,10,30,3
matrix_0498_bf16_tn_g16_m7168_n2048_k2130_c65536,bf16,TN,7168,2048,2130,16,2054;2031;2039;2106;2060;2028;2037;2052;2092;2033;2092;2130;2008;2004;1951;2048,65536,1,both,4,10,30,3
matrix_0499_bf16_nt_g16_m2150_n4096_k7168_c65536,bf16,NT,2150,4096,7168,16,2055;2074;2039;2022;2113;2081;2049;2113;2090;2069;2129;2150;2030;2007;2026;2111,65536,1,both,4,10,30,3
matrix_0500_bf16_nn_g16_m2150_n7168_k4096_c65536,bf16,NN,2150,7168,4096,16,2055;2074;2039;2022;2113;2081;2049;2113;2090;2069;2129;2150;2030;2007;2026;2111,65536,1,both,4,10,30,3
matrix_0501_bf16_tn_g16_m4096_n7168_k2150_c65536,bf16,TN,4096,7168,2150,16,2055;2074;2039;2022;2113;2081;2049;2113;2090;2069;2129;2150;2030;2007;2026;2111,65536,1,both,4,10,30,3
matrix_0502_bf16_nt_g16_m2150_n7168_k2048_c65536,bf16,NT,2150,7168,2048,16,2055;2074;2039;2022;2113;2081;2049;2113;2090;2069;2129;2150;2030;2007;2026;2111,65536,1,both,4,10,30,3
matrix_0503_bf16_nn_g16_m2150_n2048_k7168_c65536,bf16,NN,2150,2048,7168,16,2055;2074;2039;2022;2113;2081;2049;2113;2090;2069;2129;2150;2030;2007;2026;2111,65536,1,both,4,10,30,3
matrix_0504_bf16_tn_g16_m7168_n2048_k2150_c65536,bf16,TN,7168,2048,2150,16,2055;2074;2039;2022;2113;2081;2049;2113;2090;2069;2129;2150;2030;2007;2026;2111,65536,1,both,4,10,30,3
matrix_0505_bf16_nt_g16_m2150_n4096_k7168_c65536,bf16,NT,2150,4096,7168,16,2019;2102;2031;1977;2087;2029;2024;2065;2082;2020;2150;2144;2056;1995;2046;2012,65536,1,both,4,10,30,3
matrix_0506_bf16_nn_g16_m2150_n7168_k4096_c65536,bf16,NN,2150,7168,4096,16,2019;2102;2031;1977;2087;2029;2024;2065;2082;2020;2150;2144;2056;1995;2046;2012,65536,1,both,4,10,30,3
matrix_0507_bf16_tn_g16_m4096_n7168_k2150_c65536,bf16,TN,4096,7168,2150,16,2019;2102;2031;1977;2087;2029;2024;2065;2082;2020;2150;2144;2056;1995;2046;2012,65536,1,both,4,10,30,3
matrix_0508_bf16_nt_g16_m2150_n7168_k2048_c65536,bf16,NT,2150,7168,2048,16,2019;2102;2031;1977;2087;2029;2024;2065;2082;2020;2150;2144;2056;1995;2046;2012,65536,1,both,4,10,30,3
matrix_0509_bf16_nn_g16_m2150_n2048_k7168_c65536,bf16,NN,2150,2048,7168,16,2019;2102;2031;1977;2087;2029;2024;2065;2082;2020;2150;2144;2056;1995;2046;2012,65536,1,both,4,10,30,3
matrix_0510_bf16_tn_g16_m7168_n2048_k2150_c65536,bf16,TN,7168,2048,2150,16,2019;2102;2031;1977;2087;2029;2024;2065;2082;2020;2150;2144;2056;1995;2046;2012,65536,1,both,4,10,30,3
matrix_0511_bf16_nt_g16_m2115_n4096_k7168_c65536,bf16,NT,2115,4096,7168,16,2035;2004;2034;2036;2099;2071;2054;2104;2029;2115;2018;2065;2095;2088;2043;2033,65536,1,both,4,10,30,3
matrix_0512_bf16_nn_g16_m2115_n7168_k4096_c65536,bf16,NN,2115,7168,4096,16,2035;2004;2034;2036;2099;2071;2054;2104;2029;2115;2018;2065;2095;2088;2043;2033,65536,1,both,4,10,30,3
matrix_0513_bf16_tn_g16_m4096_n7168_k2115_c65536,bf16,TN,4096,7168,2115,16,2035;2004;2034;2036;2099;2071;2054;2104;2029;2115;2018;2065;2095;2088;2043;2033,65536,1,both,4,10,30,3
matrix_0514_bf16_nt_g16_m2115_n7168_k2048_c65536,bf16,NT,2115,7168,2048,16,2035;2004;2034;2036;2099;2071;2054;2104;2029;2115;2018;2065;2095;2088;2043;2033,65536,1,both,4,10,30,3
matrix_0515_bf16_nn_g16_m2115_n2048_k7168_c65536,bf16,NN,2115,2048,7168,16,2035;2004;2034;2036;2099;2071;2054;2104;2029;2115;2018;2065;2095;2088;2043;2033,65536,1,both,4,10,30,3
matrix_0516_bf16_tn_g16_m7168_n2048_k2115_c65536,bf16,TN,7168,2048,2115,16,2035;2004;2034;2036;2099;2071;2054;2104;2029;2115;2018;2065;2095;2088;2043;2033,65536,1,both,4,10,30,3
matrix_0517_bf16_nt_g16_m2079_n4096_k7168_c65536,bf16,NT,2079,4096,7168,16,2066;2079;2036;2053;2010;1996;2022;2077;2043;2048;2068;2031;2024;2078;2008;2073,65536,1,both,4,10,30,3
matrix_0518_bf16_nn_g16_m2079_n7168_k4096_c65536,bf16,NN,2079,7168,4096,16,2066;2079;2036;2053;2010;1996;2022;2077;2043;2048;2068;2031;2024;2078;2008;2073,65536,1,both,4,10,30,3
matrix_0519_bf16_tn_g16_m4096_n7168_k2079_c65536,bf16,TN,4096,7168,2079,16,2066;2079;2036;2053;2010;1996;2022;2077;2043;2048;2068;2031;2024;2078;2008;2073,65536,1,both,4,10,30,3
matrix_0520_bf16_nt_g16_m2079_n7168_k2048_c65536,bf16,NT,2079,7168,2048,16,2066;2079;2036;2053;2010;1996;2022;2077;2043;2048;2068;2031;2024;2078;2008;2073,65536,1,both,4,10,30,3
matrix_0521_bf16_nn_g16_m2079_n2048_k7168_c65536,bf16,NN,2079,2048,7168,16,2066;2079;2036;2053;2010;1996;2022;2077;2043;2048;2068;2031;2024;2078;2008;2073,65536,1,both,4,10,30,3
matrix_0522_bf16_tn_g16_m7168_n2048_k2079_c65536,bf16,TN,7168,2048,2079,16,2066;2079;2036;2053;2010;1996;2022;2077;2043;2048;2068;2031;2024;2078;2008;2073,65536,1,both,4,10,30,3
matrix_0523_bf16_nt_g16_m2122_n4096_k7168_c65536,bf16,NT,2122,4096,7168,16,2012;2015;2122;2045;2078;2088;2059;2103;2040;2033;2097;2081;2075;2077;2040;2047,65536,1,both,4,10,30,3
matrix_0524_bf16_nn_g16_m2122_n7168_k4096_c65536,bf16,NN,2122,7168,4096,16,2012;2015;2122;2045;2078;2088;2059;2103;2040;2033;2097;2081;2075;2077;2040;2047,65536,1,both,4,10,30,3
matrix_0525_bf16_tn_g16_m4096_n7168_k2122_c65536,bf16,TN,4096,7168,2122,16,2012;2015;2122;2045;2078;2088;2059;2103;2040;2033;2097;2081;2075;2077;2040;2047,65536,1,both,4,10,30,3
matrix_0526_bf16_nt_g16_m2122_n7168_k2048_c65536,bf16,NT,2122,7168,2048,16,2012;2015;2122;2045;2078;2088;2059;2103;2040;2033;2097;2081;2075;2077;2040;2047,65536,1,both,4,10,30,3
matrix_0527_bf16_nn_g16_m2122_n2048_k7168_c65536,bf16,NN,2122,2048,7168,16,2012;2015;2122;2045;2078;2088;2059;2103;2040;2033;2097;2081;2075;2077;2040;2047,65536,1,both,4,10,30,3
matrix_0528_bf16_tn_g16_m7168_n2048_k2122_c65536,bf16,TN,7168,2048,2122,16,2012;2015;2122;2045;2078;2088;2059;2103;2040;2033;2097;2081;2075;2077;2040;2047,65536,1,both,4,10,30,3
matrix_0529_bf16_nt_g16_m2119_n4096_k7168_c65536,bf16,NT,2119,4096,7168,16,2045;2102;2119;2023;2059;2028;2057;1949;2095;2098;2036;2088;2004;2112;2001;2056,65536,1,both,4,10,30,3
matrix_0530_bf16_nn_g16_m2119_n7168_k4096_c65536,bf16,NN,2119,7168,4096,16,2045;2102;2119;2023;2059;2028;2057;1949;2095;2098;2036;2088;2004;2112;2001;2056,65536,1,both,4,10,30,3
matrix_0531_bf16_tn_g16_m4096_n7168_k2119_c65536,bf16,TN,4096,7168,2119,16,2045;2102;2119;2023;2059;2028;2057;1949;2095;2098;2036;2088;2004;2112;2001;2056,65536,1,both,4,10,30,3
matrix_0532_bf16_nt_g16_m2119_n7168_k2048_c65536,bf16,NT,2119,7168,2048,16,2045;2102;2119;2023;2059;2028;2057;1949;2095;2098;2036;2088;2004;2112;2001;2056,65536,1,both,4,10,30,3
matrix_0533_bf16_nn_g16_m2119_n2048_k7168_c65536,bf16,NN,2119,2048,7168,16,2045;2102;2119;2023;2059;2028;2057;1949;2095;2098;2036;2088;2004;2112;2001;2056,65536,1,both,4,10,30,3
matrix_0534_bf16_tn_g16_m7168_n2048_k2119_c65536,bf16,TN,7168,2048,2119,16,2045;2102;2119;2023;2059;2028;2057;1949;2095;2098;2036;2088;2004;2112;2001;2056,65536,1,both,4,10,30,3
matrix_0535_bf16_nt_g16_m2146_n4096_k7168_c65536,bf16,NT,2146,4096,7168,16,2021;2146;2063;2029;2036;2101;2096;2062;2011;2036;2041;1973;2043;2052;2061;1971,65536,1,both,4,10,30,3
matrix_0536_bf16_nn_g16_m2146_n7168_k4096_c65536,bf16,NN,2146,7168,4096,16,2021;2146;2063;2029;2036;2101;2096;2062;2011;2036;2041;1973;2043;2052;2061;1971,65536,1,both,4,10,30,3
matrix_0537_bf16_tn_g16_m4096_n7168_k2146_c65536,bf16,TN,4096,7168,2146,16,2021;2146;2063;2029;2036;2101;2096;2062;2011;2036;2041;1973;2043;2052;2061;1971,65536,1,both,4,10,30,3
matrix_0538_bf16_nt_g16_m2146_n7168_k2048_c65536,bf16,NT,2146,7168,2048,16,2021;2146;2063;2029;2036;2101;2096;2062;2011;2036;2041;1973;2043;2052;2061;1971,65536,1,both,4,10,30,3
matrix_0539_bf16_nn_g16_m2146_n2048_k7168_c65536,bf16,NN,2146,2048,7168,16,2021;2146;2063;2029;2036;2101;2096;2062;2011;2036;2041;1973;2043;2052;2061;1971,65536,1,both,4,10,30,3
matrix_0540_bf16_tn_g16_m7168_n2048_k2146_c65536,bf16,TN,7168,2048,2146,16,2021;2146;2063;2029;2036;2101;2096;2062;2011;2036;2041;1973;2043;2052;2061;1971,65536,1,both,4,10,30,3
matrix_0541_bf16_nt_g16_m2097_n4096_k7168_c65536,bf16,NT,2097,4096,7168,16,1983;1992;2036;2012;2074;2097;2055;2065;2015;2063;2060;2018;1994;2007;2074;2000,65536,1,both,4,10,30,3
matrix_0542_bf16_nn_g16_m2097_n7168_k4096_c65536,bf16,NN,2097,7168,4096,16,1983;1992;2036;2012;2074;2097;2055;2065;2015;2063;2060;2018;1994;2007;2074;2000,65536,1,both,4,10,30,3
matrix_0543_bf16_tn_g16_m4096_n7168_k2097_c65536,bf16,TN,4096,7168,2097,16,1983;1992;2036;2012;2074;2097;2055;2065;2015;2063;2060;2018;1994;2007;2074;2000,65536,1,both,4,10,30,3
matrix_0544_bf16_nt_g16_m2097_n7168_k2048_c65536,bf16,NT,2097,7168,2048,16,1983;1992;2036;2012;2074;2097;2055;2065;2015;2063;2060;2018;1994;2007;2074;2000,65536,1,both,4,10,30,3
matrix_0545_bf16_nn_g16_m2097_n2048_k7168_c65536,bf16,NN,2097,2048,7168,16,1983;1992;2036;2012;2074;2097;2055;2065;2015;2063;2060;2018;1994;2007;2074;2000,65536,1,both,4,10,30,3
matrix_0546_bf16_tn_g16_m7168_n2048_k2097_c65536,bf16,TN,7168,2048,2097,16,1983;1992;2036;2012;2074;2097;2055;2065;2015;2063;2060;2018;1994;2007;2074;2000,65536,1,both,4,10,30,3
matrix_0547_bf16_nt_g16_m2123_n4096_k7168_c65536,bf16,NT,2123,4096,7168,16,2065;1968;1943;2055;2025;2045;1958;2123;2104;2091;2111;2024;2076;2080;2043;2070,65536,1,both,4,10,30,3
matrix_0548_bf16_nn_g16_m2123_n7168_k4096_c65536,bf16,NN,2123,7168,4096,16,2065;1968;1943;2055;2025;2045;1958;2123;2104;2091;2111;2024;2076;2080;2043;2070,65536,1,both,4,10,30,3
matrix_0549_bf16_tn_g16_m4096_n7168_k2123_c65536,bf16,TN,4096,7168,2123,16,2065;1968;1943;2055;2025;2045;1958;2123;2104;2091;2111;2024;2076;2080;2043;2070,65536,1,both,4,10,30,3
matrix_0550_bf16_nt_g16_m2123_n7168_k2048_c65536,bf16,NT,2123,7168,2048,16,2065;1968;1943;2055;2025;2045;1958;2123;2104;2091;2111;2024;2076;2080;2043;2070,65536,1,both,4,10,30,3
matrix_0551_bf16_nn_g16_m2123_n2048_k7168_c65536,bf16,NN,2123,2048,7168,16,2065;1968;1943;2055;2025;2045;1958;2123;2104;2091;2111;2024;2076;2080;2043;2070,65536,1,both,4,10,30,3
matrix_0552_bf16_tn_g16_m7168_n2048_k2123_c65536,bf16,TN,7168,2048,2123,16,2065;1968;1943;2055;2025;2045;1958;2123;2104;2091;2111;2024;2076;2080;2043;2070,65536,1,both,4,10,30,3
matrix_0553_bf16_nt_g16_m2102_n4096_k7168_c65536,bf16,NT,2102,4096,7168,16,2053;2033;2063;2015;2059;2058;2054;1985;2066;1988;2010;2102;2033;2039;2067;2034,65536,1,both,4,10,30,3
matrix_0554_bf16_nn_g16_m2102_n7168_k4096_c65536,bf16,NN,2102,7168,4096,16,2053;2033;2063;2015;2059;2058;2054;1985;2066;1988;2010;2102;2033;2039;2067;2034,65536,1,both,4,10,30,3
matrix_0555_bf16_tn_g16_m4096_n7168_k2102_c65536,bf16,TN,4096,7168,2102,16,2053;2033;2063;2015;2059;2058;2054;1985;2066;1988;2010;2102;2033;2039;2067;2034,65536,1,both,4,10,30,3
matrix_0556_bf16_nt_g16_m2102_n7168_k2048_c65536,bf16,NT,2102,7168,2048,16,2053;2033;2063;2015;2059;2058;2054;1985;2066;1988;2010;2102;2033;2039;2067;2034,65536,1,both,4,10,30,3
matrix_0557_bf16_nn_g16_m2102_n2048_k7168_c65536,bf16,NN,2102,2048,7168,16,2053;2033;2063;2015;2059;2058;2054;1985;2066;1988;2010;2102;2033;2039;2067;2034,65536,1,both,4,10,30,3
matrix_0558_bf16_tn_g16_m7168_n2048_k2102_c65536,bf16,TN,7168,2048,2102,16,2053;2033;2063;2015;2059;2058;2054;1985;2066;1988;2010;2102;2033;2039;2067;2034,65536,1,both,4,10,30,3
matrix_0559_bf16_nt_g16_m2085_n4096_k7168_c65536,bf16,NT,2085,4096,7168,16,2055;2042;2037;2026;2061;2026;2028;2044;2029;1980;2072;2042;2007;2040;2039;2085,65536,1,both,4,10,30,3
matrix_0560_bf16_nn_g16_m2085_n7168_k4096_c65536,bf16,NN,2085,7168,4096,16,2055;2042;2037;2026;2061;2026;2028;2044;2029;1980;2072;2042;2007;2040;2039;2085,65536,1,both,4,10,30,3
matrix_0561_bf16_tn_g16_m4096_n7168_k2085_c65536,bf16,TN,4096,7168,2085,16,2055;2042;2037;2026;2061;2026;2028;2044;2029;1980;2072;2042;2007;2040;2039;2085,65536,1,both,4,10,30,3
matrix_0562_bf16_nt_g16_m2085_n7168_k2048_c65536,bf16,NT,2085,7168,2048,16,2055;2042;2037;2026;2061;2026;2028;2044;2029;1980;2072;2042;2007;2040;2039;2085,65536,1,both,4,10,30,3
matrix_0563_bf16_nn_g16_m2085_n2048_k7168_c65536,bf16,NN,2085,2048,7168,16,2055;2042;2037;2026;2061;2026;2028;2044;2029;1980;2072;2042;2007;2040;2039;2085,65536,1,both,4,10,30,3
matrix_0564_bf16_tn_g16_m7168_n2048_k2085_c65536,bf16,TN,7168,2048,2085,16,2055;2042;2037;2026;2061;2026;2028;2044;2029;1980;2072;2042;2007;2040;2039;2085,65536,1,both,4,10,30,3
matrix_0565_bf16_nt_g16_m2120_n4096_k7168_c65536,bf16,NT,2120,4096,7168,16,2010;2023;2035;2077;1989;2039;1982;2011;2050;2120;2056;2056;2066;2087;2046;2070,65536,1,both,4,10,30,3
matrix_0566_bf16_nn_g16_m2120_n7168_k4096_c65536,bf16,NN,2120,7168,4096,16,2010;2023;2035;2077;1989;2039;1982;2011;2050;2120;2056;2056;2066;2087;2046;2070,65536,1,both,4,10,30,3
matrix_0567_bf16_tn_g16_m4096_n7168_k2120_c65536,bf16,TN,4096,7168,2120,16,2010;2023;2035;2077;1989;2039;1982;2011;2050;2120;2056;2056;2066;2087;2046;2070,65536,1,both,4,10,30,3
matrix_0568_bf16_nt_g16_m2120_n7168_k2048_c65536,bf16,NT,2120,7168,2048,16,2010;2023;2035;2077;1989;2039;1982;2011;2050;2120;2056;2056;2066;2087;2046;2070,65536,1,both,4,10,30,3
matrix_0569_bf16_nn_g16_m2120_n2048_k7168_c65536,bf16,NN,2120,2048,7168,16,2010;2023;2035;2077;1989;2039;1982;2011;2050;2120;2056;2056;2066;2087;2046;2070,65536,1,both,4,10,30,3
matrix_0570_bf16_tn_g16_m7168_n2048_k2120_c65536,bf16,TN,7168,2048,2120,16,2010;2023;2035;2077;1989;2039;1982;2011;2050;2120;2056;2056;2066;2087;2046;2070,65536,1,both,4,10,30,3
matrix_0571_bf16_nt_g16_m2124_n4096_k7168_c65536,bf16,NT,2124,4096,7168,16,2092;2025;2052;1991;2067;2061;2114;2124;2036;2005;2033;2081;2028;2023;2043;2021,65536,1,both,4,10,30,3
matrix_0572_bf16_nn_g16_m2124_n7168_k4096_c65536,bf16,NN,2124,7168,4096,16,2092;2025;2052;1991;2067;2061;2114;2124;2036;2005;2033;2081;2028;2023;2043;2021,65536,1,both,4,10,30,3
matrix_0573_bf16_tn_g16_m4096_n7168_k2124_c65536,bf16,TN,4096,7168,2124,16,2092;2025;2052;1991;2067;2061;2114;2124;2036;2005;2033;2081;2028;2023;2043;2021,65536,1,both,4,10,30,3
matrix_0574_bf16_nt_g16_m2124_n7168_k2048_c65536,bf16,NT,2124,7168,2048,16,2092;2025;2052;1991;2067;2061;2114;2124;2036;2005;2033;2081;2028;2023;2043;2021,65536,1,both,4,10,30,3
matrix_0575_bf16_nn_g16_m2124_n2048_k7168_c65536,bf16,NN,2124,2048,7168,16,2092;2025;2052;1991;2067;2061;2114;2124;2036;2005;2033;2081;2028;2023;2043;2021,65536,1,both,4,10,30,3
matrix_0576_bf16_tn_g16_m7168_n2048_k2124_c65536,bf16,TN,7168,2048,2124,16,2092;2025;2052;1991;2067;2061;2114;2124;2036;2005;2033;2081;2028;2023;2043;2021,65536,1,both,4,10,30,3
matrix_0577_bf16_nt_g16_m2146_n4096_k7168_c65536,bf16,NT,2146,4096,7168,16,2121;2114;2089;2146;2047;2027;1998;1993;1947;2080;1997;1994;2040;2019;2053;2021,65536,1,both,4,10,30,3
matrix_0578_bf16_nn_g16_m2146_n7168_k4096_c65536,bf16,NN,2146,7168,4096,16,2121;2114;2089;2146;2047;2027;1998;1993;1947;2080;1997;1994;2040;2019;2053;2021,65536,1,both,4,10,30,3
matrix_0579_bf16_tn_g16_m4096_n7168_k2146_c65536,bf16,TN,4096,7168,2146,16,2121;2114;2089;2146;2047;2027;1998;1993;1947;2080;1997;1994;2040;2019;2053;2021,65536,1,both,4,10,30,3
matrix_0580_bf16_nt_g16_m2146_n7168_k2048_c65536,bf16,NT,2146,7168,2048,16,2121;2114;2089;2146;2047;2027;1998;1993;1947;2080;1997;1994;2040;2019;2053;2021,65536,1,both,4,10,30,3
matrix_0581_bf16_nn_g16_m2146_n2048_k7168_c65536,bf16,NN,2146,2048,7168,16,2121;2114;2089;2146;2047;2027;1998;1993;1947;2080;1997;1994;2040;2019;2053;2021,65536,1,both,4,10,30,3
matrix_0582_bf16_tn_g16_m7168_n2048_k2146_c65536,bf16,TN,7168,2048,2146,16,2121;2114;2089;2146;2047;2027;1998;1993;1947;2080;1997;1994;2040;2019;2053;2021,65536,1,both,4,10,30,3
matrix_0583_bf16_nt_g16_m2124_n4096_k7168_c65536,bf16,NT,2124,4096,7168,16,2063;2050;2025;2042;2061;2094;2031;2088;2076;2100;2082;2014;2110;2082;2083;2124,65536,1,both,4,10,30,3
matrix_0584_bf16_nn_g16_m2124_n7168_k4096_c65536,bf16,NN,2124,7168,4096,16,2063;2050;2025;2042;2061;2094;2031;2088;2076;2100;2082;2014;2110;2082;2083;2124,65536,1,both,4,10,30,3
matrix_0585_bf16_tn_g16_m4096_n7168_k2124_c65536,bf16,TN,4096,7168,2124,16,2063;2050;2025;2042;2061;2094;2031;2088;2076;2100;2082;2014;2110;2082;2083;2124,65536,1,both,4,10,30,3
matrix_0586_bf16_nt_g16_m2124_n7168_k2048_c65536,bf16,NT,2124,7168,2048,16,2063;2050;2025;2042;2061;2094;2031;2088;2076;2100;2082;2014;2110;2082;2083;2124,65536,1,both,4,10,30,3
matrix_0587_bf16_nn_g16_m2124_n2048_k7168_c65536,bf16,NN,2124,2048,7168,16,2063;2050;2025;2042;2061;2094;2031;2088;2076;2100;2082;2014;2110;2082;2083;2124,65536,1,both,4,10,30,3
matrix_0588_bf16_tn_g16_m7168_n2048_k2124_c65536,bf16,TN,7168,2048,2124,16,2063;2050;2025;2042;2061;2094;2031;2088;2076;2100;2082;2014;2110;2082;2083;2124,65536,1,both,4,10,30,3
matrix_0589_bf16_nt_g16_m2110_n4096_k7168_c65536,bf16,NT,2110,4096,7168,16,1991;2012;2025;2022;2110;1974;2009;2048;2079;2052;2033;2072;2070;2006;2005;2027,65536,1,both,4,10,30,3
matrix_0590_bf16_nn_g16_m2110_n7168_k4096_c65536,bf16,NN,2110,7168,4096,16,1991;2012;2025;2022;2110;1974;2009;2048;2079;2052;2033;2072;2070;2006;2005;2027,65536,1,both,4,10,30,3
matrix_0591_bf16_tn_g16_m4096_n7168_k2110_c65536,bf16,TN,4096,7168,2110,16,1991;2012;2025;2022;2110;1974;2009;2048;2079;2052;2033;2072;2070;2006;2005;2027,65536,1,both,4,10,30,3
matrix_0592_bf16_nt_g16_m2110_n7168_k2048_c65536,bf16,NT,2110,7168,2048,16,1991;2012;2025;2022;2110;1974;2009;2048;2079;2052;2033;2072;2070;2006;2005;2027,65536,1,both,4,10,30,3
matrix_0593_bf16_nn_g16_m2110_n2048_k7168_c65536,bf16,NN,2110,2048,7168,16,1991;2012;2025;2022;2110;1974;2009;2048;2079;2052;2033;2072;2070;2006;2005;2027,65536,1,both,4,10,30,3
matrix_0594_bf16_tn_g16_m7168_n2048_k2110_c65536,bf16,TN,7168,2048,2110,16,1991;2012;2025;2022;2110;1974;2009;2048;2079;2052;2033;2072;2070;2006;2005;2027,65536,1,both,4,10,30,3
matrix_0595_bf16_nt_g16_m2099_n4096_k7168_c65536,bf16,NT,2099,4096,7168,16,2013;2009;2077;2042;1997;2037;2001;1995;2028;2012;2099;2022;2089;2072;1993;2081,65536,1,both,4,10,30,3
matrix_0596_bf16_nn_g16_m2099_n7168_k4096_c65536,bf16,NN,2099,7168,4096,16,2013;2009;2077;2042;1997;2037;2001;1995;2028;2012;2099;2022;2089;2072;1993;2081,65536,1,both,4,10,30,3
matrix_0597_bf16_tn_g16_m4096_n7168_k2099_c65536,bf16,TN,4096,7168,2099,16,2013;2009;2077;2042;1997;2037;2001;1995;2028;2012;2099;2022;2089;2072;1993;2081,65536,1,both,4,10,30,3
matrix_0598_bf16_nt_g16_m2099_n7168_k2048_c65536,bf16,NT,2099,7168,2048,16,2013;2009;2077;2042;1997;2037;2001;1995;2028;2012;2099;2022;2089;2072;1993;2081,65536,1,both,4,10,30,3
matrix_0599_bf16_nn_g16_m2099_n2048_k7168_c65536,bf16,NN,2099,2048,7168,16,2013;2009;2077;2042;1997;2037;2001;1995;2028;2012;2099;2022;2089;2072;1993;2081,65536,1,both,4,10,30,3
matrix_0600_bf16_tn_g16_m7168_n2048_k2099_c65536,bf16,TN,7168,2048,2099,16,2013;2009;2077;2042;1997;2037;2001;1995;2028;2012;2099;2022;2089;2072;1993;2081,65536,1,both,4,10,30,3
matrix_0601_bf16_nt_g16_m2120_n4096_k7168_c65536,bf16,NT,2120,4096,7168,16,2102;2120;2108;2092;2079;2047;1966;2048;2015;2006;2017;2014;2050;2079;2008;2006,65536,1,both,4,10,30,3
matrix_0602_bf16_nn_g16_m2120_n7168_k4096_c65536,bf16,NN,2120,7168,4096,16,2102;2120;2108;2092;2079;2047;1966;2048;2015;2006;2017;2014;2050;2079;2008;2006,65536,1,both,4,10,30,3
matrix_0603_bf16_tn_g16_m4096_n7168_k2120_c65536,bf16,TN,4096,7168,2120,16,2102;2120;2108;2092;2079;2047;1966;2048;2015;2006;2017;2014;2050;2079;2008;2006,65536,1,both,4,10,30,3
matrix_0604_bf16_nt_g16_m2120_n7168_k2048_c65536,bf16,NT,2120,7168,2048,16,2102;2120;2108;2092;2079;2047;1966;2048;2015;2006;2017;2014;2050;2079;2008;2006,65536,1,both,4,10,30,3
matrix_0605_bf16_nn_g16_m2120_n2048_k7168_c65536,bf16,NN,2120,2048,7168,16,2102;2120;2108;2092;2079;2047;1966;2048;2015;2006;2017;2014;2050;2079;2008;2006,65536,1,both,4,10,30,3
matrix_0606_bf16_tn_g16_m7168_n2048_k2120_c65536,bf16,TN,7168,2048,2120,16,2102;2120;2108;2092;2079;2047;1966;2048;2015;2006;2017;2014;2050;2079;2008;2006,65536,1,both,4,10,30,3
matrix_0607_bf16_nt_g16_m2108_n4096_k7168_c65536,bf16,NT,2108,4096,7168,16,2037;2033;2053;2021;2086;2079;2033;2057;2011;2079;2002;2036;2108;2018;2096;2062,65536,1,both,4,10,30,3
matrix_0608_bf16_nn_g16_m2108_n7168_k4096_c65536,bf16,NN,2108,7168,4096,16,2037;2033;2053;2021;2086;2079;2033;2057;2011;2079;2002;2036;2108;2018;2096;2062,65536,1,both,4,10,30,3
matrix_0609_bf16_tn_g16_m4096_n7168_k2108_c65536,bf16,TN,4096,7168,2108,16,2037;2033;2053;2021;2086;2079;2033;2057;2011;2079;2002;2036;2108;2018;2096;2062,65536,1,both,4,10,30,3
matrix_0610_bf16_nt_g16_m2108_n7168_k2048_c65536,bf16,NT,2108,7168,2048,16,2037;2033;2053;2021;2086;2079;2033;2057;2011;2079;2002;2036;2108;2018;2096;2062,65536,1,both,4,10,30,3
matrix_0611_bf16_nn_g16_m2108_n2048_k7168_c65536,bf16,NN,2108,2048,7168,16,2037;2033;2053;2021;2086;2079;2033;2057;2011;2079;2002;2036;2108;2018;2096;2062,65536,1,both,4,10,30,3
matrix_0612_bf16_tn_g16_m7168_n2048_k2108_c65536,bf16,TN,7168,2048,2108,16,2037;2033;2053;2021;2086;2079;2033;2057;2011;2079;2002;2036;2108;2018;2096;2062,65536,1,both,4,10,30,3
